AUROC_confidence,FPR95_confidence,OSCR_primary,best_diagnostic_OSCR,best_diagnostic_score,confidence_OSCR,energy_OSCR,experiment,fusion_OSCR,mahalanobis_OSCR,method,model,seed,source,status,temperature_confidence_OSCR,temperature_test_ECE,test_ACC_known,test_Brier,test_ECE,test_NLL,trainable_parameters,training_seconds,unknown_accept_at_val95_confidence,val_ACC_known
,,89.14885189782191,,,,,exp4,,,PR-RPAD,paper_prrpad,20260414,D:\keyan\ai_research_workflow_base\16_exp6_lora_ladder_v2_v3\results\prrpad_exp456_current_full_v5\prrpad_exp456_current_full_v5_s128_seed20260414_it120\reproduction_report.json,completed,,,98.225,,,,17475994,43.2790909999967,,97.6625
,,85.31437473669429,,,,,exp5,,,PR-RPAD,paper_prrpad,20260414,D:\keyan\ai_research_workflow_base\16_exp6_lora_ladder_v2_v3\results\prrpad_exp456_current_full_v5\prrpad_exp456_current_full_v5_s128_seed20260414_it120\reproduction_report.json,completed,,,98.6875,,,,17475994,42.669788399995014,,98.4
,,50.68573463743002,,,,,exp6,,,PR-RPAD,paper_prrpad,20260414,D:\keyan\ai_research_workflow_base\16_exp6_lora_ladder_v2_v3\results\prrpad_exp456_current_full_v5\prrpad_exp456_current_full_v5_s128_seed20260414_it120\reproduction_report.json,completed,,,91.5875,,,,20316000,43.396245399999316,,91.05
,,84.12890574951953,,,,,exp4,,,PR-RPAD,paper_prrpad,20260417,D:\keyan\ai_research_workflow_base\16_exp6_lora_ladder_v2_v3\results\prrpad_exp456_current_full_v5\prrpad_exp456_current_full_v5_s128_seed20260417_it120\reproduction_report.json,completed,,,95.3875,,,,17475994,43.48222559999704,,94.4625
,,81.32950428310632,,,,,exp5,,,PR-RPAD,paper_prrpad,20260417,D:\keyan\ai_research_workflow_base\16_exp6_lora_ladder_v2_v3\results\prrpad_exp456_current_full_v5\prrpad_exp456_current_full_v5_s128_seed20260417_it120\reproduction_report.json,completed,,,96.28750000000001,,,,17475994,42.5953268000012,,96.4375
,,61.816322314049586,,,,,exp6,,,PR-RPAD,paper_prrpad,20260417,D:\keyan\ai_research_workflow_base\16_exp6_lora_ladder_v2_v3\results\prrpad_exp456_current_full_v5\prrpad_exp456_current_full_v5_s128_seed20260417_it120\reproduction_report.json,completed,,,93.325,,,,20316000,43.61682440000004,,93.0625
,,85.98140715086483,,,,,exp4,,,PR-RPAD,paper_prrpad,20260418,D:\keyan\ai_research_workflow_base\16_exp6_lora_ladder_v2_v3\results\prrpad_exp456_current_full_v5\prrpad_exp456_current_full_v5_s128_seed20260418_it120\reproduction_report.json,completed,,,97.2375,,,,17475994,44.934775900001114,,97.05
,,79.32434787951131,,,,,exp5,,,PR-RPAD,paper_prrpad,20260418,D:\keyan\ai_research_workflow_base\16_exp6_lora_ladder_v2_v3\results\prrpad_exp456_current_full_v5\prrpad_exp456_current_full_v5_s128_seed20260418_it120\reproduction_report.json,completed,,,98.6625,,,,17475994,42.56599479999568,,98.4
,,46.03269794721408,,,,,exp6,,,PR-RPAD,paper_prrpad,20260418,D:\keyan\ai_research_workflow_base\16_exp6_lora_ladder_v2_v3\results\prrpad_exp456_current_full_v5\prrpad_exp456_current_full_v5_s128_seed20260418_it120\reproduction_report.json,completed,,,94.6875,,,,20316000,43.45063449999725,,94.1125
78.40549127162076,72.8058936579116,77.56002662556054,85.79772181294044,mahalanobis,77.56002662556054,65.68894738949392,exp4,84.97617312620113,85.79772181294044,MOMENT q/k/v/o rank8 rsLoRA,moment_lora_qkvo_rank8_rslora,20260414,D:\keyan\ai_research_workflow_base\16_exp6_lora_ladder_v2_v3\results\moment_exp456_current_full_v5\moment_exp456_current_full_v5_s128_seed20260414_it120\summary_metrics.csv,completed,77.54413937379884,0.5541206054389476,96.8375,0.0485871247947216,1.1367618646472692,0.09089255332946777,1593348,67.92860469999869,67.53683536194747,97.3375
73.4881284229743,75.62140148855498,72.5707599002949,72.57817020081448,temperature_confidence,72.5707599002949,64.7973669428451,exp5,70.90253475635444,69.83076288442635,MOMENT q/k/v/o rank8 rsLoRA,moment_lora_qkvo_rank8_rslora,20260414,D:\keyan\ai_research_workflow_base\16_exp6_lora_ladder_v2_v3\results\moment_exp456_current_full_v5\moment_exp456_current_full_v5_s128_seed20260414_it120\summary_metrics.csv,completed,72.57817020081448,0.8279322739690542,96.98750000000001,0.05020425468683243,1.1109901372343303,0.10854173451662064,1593348,69.49118460000318,78.35978092964471,96.28750000000001
76.94271027725938,81.07171420954413,75.01250416555585,82.23648360437217,energy,75.01250416555585,82.23648360437217,exp6,81.03762413356438,80.66978305785125,MOMENT q/k/v/o rank8 rsLoRA,moment_lora_qkvo_rank8_rslora,20260414,D:\keyan\ai_research_workflow_base\16_exp6_lora_ladder_v2_v3\results\moment_exp456_current_full_v5\moment_exp456_current_full_v5_s128_seed20260414_it120\summary_metrics.csv,completed,75.50709310850439,0.7786638159304856,94.22500000000001,0.08997645229101181,1.2687302801758051,0.1695106476545334,1598469,71.26431690000027,79.9920021327646,94.1125
77.40024123158231,79.09993593850096,76.1890044442665,84.19925528507366,mahalanobis,76.1890044442665,67.67578375240231,exp4,82.55028227098015,84.19925528507366,MOMENT q/k/v/o rank8 rsLoRA,moment_lora_qkvo_rank8_rslora,20260417,D:\keyan\ai_research_workflow_base\16_exp6_lora_ladder_v2_v3\results\moment_exp456_current_full_v5\moment_exp456_current_full_v5_s128_seed20260417_it120\summary_metrics.csv,completed,76.0762151665599,0.6624715480953455,95.8625,0.06499074399471283,1.4962258249521256,0.1246044710278511,1593348,67.75051009999879,74.31133888532992,96.3625
74.08375052661142,67.25179047886533,72.27047816317933,72.50995997753125,temperature_confidence,72.27047816317933,69.21103602022188,exp5,71.82995190282264,68.37070811683752,MOMENT q/k/v/o rank8 rsLoRA,moment_lora_qkvo_rank8_rslora,20260417,D:\keyan\ai_research_workflow_base\16_exp6_lora_ladder_v2_v3\results\moment_exp456_current_full_v5\moment_exp456_current_full_v5_s128_seed20260417_it120\summary_metrics.csv,completed,72.50995997753125,1.1582315098494291,95.16250000000001,0.08276066184043884,3.379732073843479,0.182545468211174,1593348,69.27735989999928,67.42030613677854,94.36250000000001
81.06040722474008,75.11330311916822,78.66236170354573,85.55044321514262,energy,78.66236170354573,85.55044321514262,exp6,82.61090625833111,80.30376899493467,MOMENT q/k/v/o rank8 rsLoRA,moment_lora_qkvo_rank8_rslora,20260417,D:\keyan\ai_research_workflow_base\16_exp6_lora_ladder_v2_v3\results\moment_exp456_current_full_v5\moment_exp456_current_full_v5_s128_seed20260417_it120\summary_metrics.csv,completed,78.85010830445215,0.44351429045200347,93.8875,0.09317652881145477,0.6497899349778892,0.17484615743160248,1598469,71.38164539999707,73.82031458277793,94.1125
69.35231121877003,84.4170403587444,68.41475616591927,84.2999559577194,fusion,68.41475616591927,62.305574351377324,exp4,84.2999559577194,83.85424707719412,MOMENT q/k/v/o rank8 rsLoRA,moment_lora_qkvo_rank8_rslora,20260418,D:\keyan\ai_research_workflow_base\16_exp6_lora_ladder_v2_v3\results\moment_exp456_current_full_v5\moment_exp456_current_full_v5_s128_seed20260418_it120\summary_metrics.csv,completed,68.4430243033312,0.550552984327078,95.55,0.06831205636262894,1.8858062636107205,0.12714071571826935,1593348,67.87203310000041,81.55028827674568,96.3625
72.50299992978515,76.53419463558488,71.77070109535178,73.41783281842437,fusion,71.77070109535178,66.81370067406263,exp5,73.41783281842437,71.82449533071198,MOMENT q/k/v/o rank8 rsLoRA,moment_lora_qkvo_rank8_rslora,20260418,D:\keyan\ai_research_workflow_base\16_exp6_lora_ladder_v2_v3\results\moment_exp456_current_full_v5\moment_exp456_current_full_v5_s128_seed20260418_it120\summary_metrics.csv,completed,71.81593965033002,0.4349523663520813,96.8125,0.04852067679166794,1.3914275981485842,0.09121879935264587,1593348,68.87471060000098,77.50315966858588,96.7125
77.59782807917888,78.85897094108238,74.44459727406026,81.79303685683817,energy,74.44459727406026,81.79303685683817,exp6,78.33025443215142,74.83708261130364,MOMENT q/k/v/o rank8 rsLoRA,moment_lora_qkvo_rank8_rslora,20260418,D:\keyan\ai_research_workflow_base\16_exp6_lora_ladder_v2_v3\results\moment_exp456_current_full_v5\moment_exp456_current_full_v5_s128_seed20260418_it120\summary_metrics.csv,completed,75.08940032657958,0.8323895420879126,91.875,0.12153071910142899,2.131566879153252,0.22883881628513336,1598469,70.67090160000225,79.91202346041055,91.8
