tag,known,mode_index,toa,rf,pw,pri,pa,doa,pulse_index,dtoa,mapped_label,is_unknown,is_noise
2,False,0,38.456024047258595,10002.884598563161,1.2,28.0,-36.254396102539644,76.5754486015221,0,0.0,-1,1,0
4,True,0,62.37049051305873,1214.033061257571,4.972788404490258,59.1,-49.63631784695604,80.00223880660292,1,23.91446646580014,1,0,0
2,False,0,66.4560240472586,10073.035302412616,3.8,28.0,-35.45439610253965,76.67872496487165,2,4.085533534199861,-1,1,0
5,True,1,83.12185107153128,9659.396464728947,3.9532147293376863,29.0,-42.82976705974485,82.85845098929263,3,16.665827024272687,2,0,0
2,False,0,94.4560240472586,9827.154561810741,1.2,28.0,-35.34560389746035,76.76477809550815,4,11.334172975727313,-1,1,0
5,True,1,112.12185107153128,10200.0,3.619762364136803,29.0,-43.82976705974485,82.98501491406671,5,17.665827024272687,2,0,0
1,True,0,132.3652832959017,9773.045401456497,7.4311133438173105,61.0,-39.106421928770274,79.57487020873357,6,20.24343222437041,0,0,0
5,True,1,141.1218510715313,9121.529068224478,4.569848801313549,29.0,-43.17023294025515,83.08367643897239,7,8.756567775629605,2,0,0
2,False,0,150.45602404725858,10090.262159990947,1.2,28.0,-36.94560389746035,76.89301245788755,8,9.334172975727284,-1,1,0
3,False,0,153.60091491099746,9724.532435241816,8.192342418418113,62.027115122549155,-33.01157156872637,75.04482347396653,9,3.1448908637388797,-1,1,0
5,True,1,170.1218510715313,9659.396464728947,5.071877842779234,29.0,-42.17023294025515,83.1602334436698,10,16.520936160533836,2,0,0
2,False,0,178.45602404725858,10084.087580082803,3.8,28.0,-37.745603897460356,76.94025522394135,11,8.334172975727284,-1,1,0
4,True,0,180.57049051305876,1448.8558040482087,5.3262850813160885,59.1,-50.24849341686378,80.00868934153468,12,2.1144664658001773,1,0,0
2,False,0,206.45602404725858,10167.365741317208,1.2,28.0,-38.54560389746035,76.9802351440265,13,25.885533534199823,-1,1,0
1,True,0,208.09032449029297,9773.045401456497,7.4311133438173105,75.72504119439127,-38.90624567538812,79.65189787095386,14,1.634300443034391,0,0,0
5,True,1,228.1218510715313,9121.529068224478,4.385655024615472,29.0,-40.17023294025515,83.27542116544912,15,20.031526581238325,2,0,0
3,False,0,230.89355024091392,9724.532435241816,8.192342418418113,77.29263532991648,-33.00000011938087,75.15837830178229,16,2.7716991693826287,-1,1,0
4,True,0,239.67049051305875,1214.033061257571,4.974125125525538,59.1,-50.62175808851081,80.01205475125224,17,8.776940272144827,1,0,0
5,True,1,257.1218510715313,9659.396464728947,4.361351583112277,29.0,-39.17023294025515,83.32976625016599,18,17.451360558472544,2,0,0
2,False,0,266.4560240472586,10043.157991002481,1.2,32.0,-40.145603897460354,77.05175983897266,19,9.334172975727313,-1,1,0
2,False,0,298.4560240472586,9887.213784652238,3.8,32.0,-40.94560389746035,77.09018884351677,20,32.0,-1,1,0
4,True,0,298.77049051305875,1314.630273256569,5.638929243166741,59.1,-51.01710688916248,80.01559921787526,21,0.3144664658001375,1,0,0
1,True,0,360.4130454464218,9773.045401456497,7.4311133438173105,61.0,-38.55889346068186,79.79418029398003,22,61.642554933363044,0,0,0
2,False,0,362.4560240472586,9848.256625735718,3.8,32.0,-41.45439610253965,77.18905432053289,23,2.0429786008368183,-1,1,0
3,False,0,384.7509705539422,9724.532435241816,8.192342418418113,62.027115122549155,-33.04665498811836,75.38330299124569,24,22.294946506683573,-1,1,0
2,False,0,394.4560240472586,9894.529391020737,1.2,32.0,-40.65439610253965,77.2554962674562,25,9.705053493316427,-1,1,0
5,True,1,403.67185107153136,9659.396464728947,4.340358704035913,48.85,-37.82976705974485,83.57357834633258,26,9.215827024272755,2,0,0
1,True,0,436.13808664081307,9773.045401456497,7.4311133438173105,75.72504119439127,-38.414029071037525,79.85935245302286,27,32.46623556928171,0,0,0
5,True,1,452.5218510715314,10200.0,4.67379839384995,48.85,-38.82976705974485,83.70404554712026,28,16.383764430718315,2,0,0
2,False,0,458.4560240472586,9837.923905484518,1.2,32.0,-39.05439610253965,77.43459987511287,29,5.934172975727222,-1,1,0
3,False,0,462.0436058838587,9724.532435241816,8.192342418418113,77.29263532991648,-33.1045708257474,75.49404028048211,30,3.587581836600066,-1,1,0
5,True,1,501.3718510715314,9121.529068224478,4.801810654165148,48.85,-39.82976705974485,83.86726177412933,31,39.328245187672735,2,0,0
2,False,0,518.4560240472586,10160.0336686842,1.2,28.0,-37.45439610253965,77.685809106977,32,17.084172975727142,-1,1,0
2,False,0,546.4560240472586,10112.714515821275,3.8,28.0,-36.65439610253965,77.84021156924369,33,28.0,-1,1,0
5,True,1,550.2218510715314,9659.396464728947,5.185860837893354,48.85,-40.82976705974485,84.06578786469947,34,3.7658270242728804,2,0,0
2,False,0,574.4560240472586,9968.714134952981,1.2,28.0,-35.854396102539646,78.01352440149329,35,24.23417297572712,-1,1,0
1,True,0,588.4608075969419,9773.045401456497,7.4311133438173105,61.0,-38.18673755464272,79.97775078755731,36,14.004783549683339,0,0,0
4,True,0,594.2704905130588,1214.033061257571,4.237320339801528,59.1,-52.69255151546502,80.03814195281903,37,5.809682916116913,1,0,0
5,True,1,599.0718510715315,10200.0,4.071943544145,48.85,-41.82976705974485,84.30041407217023,38,4.801360558472652,2,0,0
2,False,0,602.4560240472586,9882.011472766644,3.8,28.0,-35.05439610253965,78.20476873280967,39,3.384172975727097,-1,1,0
2,False,0,630.4560240472586,9841.440543290904,1.2,28.0,-35.745603897460356,78.41238935914268,40,28.0,-1,1,0
0,True,-1,642.2865821677863,3168.2911872649875,4.912756131106488,,-44.76041359489396,78.33515511340715,41,11.830558120527712,-1,0,1
5,True,1,647.9218510715315,9121.529068224478,4.100455600123366,48.85,-42.82976705974485,84.57012043927878,42,5.635268903745214,2,0,0
4,True,0,653.3704905130588,1314.630273256569,5.21425478721322,59.1,-52.86317369115289,80.04401006790904,43,5.448639441527348,1,0,0
2,False,0,658.4560240472586,9957.853862872942,3.8,28.0,-36.54560389746035,78.63430472884579,44,5.085533534199726,-1,1,0
1,True,0,664.1858487913331,9773.045401456497,7.4311133438173105,75.72504119439127,-38.105823015433394,80.03105330595416,45,5.729824744074563,0,0,0
3,False,0,693.1936615268035,9724.532435241816,8.192342418418113,77.29263532991648,-33.41160448460651,75.81573139672716,46,29.00781273547034,-1,1,0
2,False,0,714.4560240472586,10012.007970959072,3.8,28.0,-38.145603897460354,79.11047793742509,47,21.2623625204551,-1,1,0
4,True,0,771.5704905130589,1214.033061257571,4.217813703806351,59.1,-52.97929166798132,80.05750402434946,48,57.11446646580032,1,0,0
2,False,0,778.4560240472586,10090.038524391073,3.8,32.0,-39.745603897460356,79.60899908283893,49,6.885533534199681,-1,1,0
4,True,0,830.6704905130589,1314.630273256569,5.398561349021358,59.1,-52.92848794723751,80.06521291850356,50,52.21446646580034,1,0,0
2,False,0,842.4560240472586,10106.989795255762,3.8,32.0,-41.34560389746035,80.10272885121238,51,11.785533534199658,-1,1,0
3,False,0,847.0510818398316,9724.532435241816,8.192342418418113,62.027115122549155,-33.720200560066324,76.01864591608214,52,4.595057792573016,-1,1,0
5,True,1,854.0218510715316,9121.529068224478,4.57972552640929,68.7,-42.17023294025515,85.55405227061593,53,6.9707692317000465,2,0,0
2,False,0,874.4560240472586,9832.798404901414,1.2,32.0,-41.85439610253965,80.33938801778872,54,20.434172975726938,-1,1,0
4,True,0,889.7704905130589,1448.8558040482087,5.658441842567342,59.1,-52.81465048847775,80.07361137501776,55,15.314466465800365,1,0,0
1,True,0,892.2336109418532,9773.045401456497,7.4311133438173105,75.72504119439127,-38.00000524664397,80.16837809749786,56,2.463120428794241,0,0,0
2,False,0,906.4560240472586,9848.677633095374,3.8,32.0,-41.05439610253965,80.56513897422397,57,14.222413105405394,-1,1,0
5,True,1,922.7218510715317,9659.396464728947,4.947912240555818,68.7,-41.17023294025515,85.9212649220945,58,16.265827024273108,2,0,0
3,False,0,924.3437171697481,9724.532435241816,8.192342418418113,77.29263532991648,-33.90279326566721,76.11588568551973,59,1.621866098216401,-1,1,0
4,True,0,948.8704905130589,1214.033061257571,4.587622383108739,59.1,-52.64958002780065,80.08272992997836,60,24.52677334331088,1,0,0
2,False,0,970.4560240472586,9879.31041969786,3.8,32.0,-39.45439610253965,80.97369538602838,61,21.585533534199612,-1,1,0
5,True,1,991.4218510715317,10200.0,4.551350253982719,68.7,-40.17023294025515,86.29600740597947,62,20.965827024273153,2,0,0
2,False,0,998.4560240472586,10075.60568927599,1.2,28.0,-38.65439610253965,81.0,63,7.034172975726847,-1,1,0
3,False,0,1016.1740223602271,9724.532435241816,8.192342418418113,91.83030519047908,-34.10266995357614,76.21002074126447,64,17.717998312968575,-1,1,0
2,False,0,1026.4560240472586,10003.788143965206,3.8,28.0,-37.854396102539646,81.0,65,10.282001687031425,-1,1,0
1,True,0,1044.556331897982,9773.045401456497,7.4311133438173105,61.0,-38.04552687606251,80.24244375322291,66,18.10030785072354,0,0,0
2,False,0,1054.4560240472586,9949.873226169915,1.2,28.0,-37.05439610253965,81.0,67,9.899692149276461,-1,1,0
4,True,0,1067.070490513059,1448.8558040482087,5.658619800611613,59.1,-52.22640684991164,80.10322534758029,68,12.614466465800433,1,0,0
1,True,0,1120.2813730923733,9773.045401456497,7.4311133438173105,75.72504119439127,-38.10288547598875,80.27475427424687,69,53.21088257931433,0,0,0
4,True,0,1126.170490513059,1214.033061257571,5.185888568780153,59.1,-52.002531952016156,80.11463866945644,70,5.889117420685579,1,0,0
5,True,1,1128.8218510715317,9659.396464728947,5.092464148472588,68.7,-38.17023294025515,87.03592386263763,71,2.6513605584727884,2,0,0
2,False,1,1130.8578490984332,11195.390377187045,2.2791980438372557,33.59917788261818,-39.76088090989102,76.58376078703476,72,2.0359980269015523,-1,1,0
3,False,0,1155.4937728126927,9724.532435241816,8.192342418418113,77.29263532991648,-34.54884852064939,76.38822138172311,73,24.635923714259434,-1,1,0
2,False,1,1169.4156399488857,11195.390377187045,2.3556655040961574,38.5577908504523,-38.82754757655769,76.76649747671162,74,13.921867136192986,-1,1,0
4,True,0,1185.2704905130588,1314.630273256569,4.398268706817578,59.1,-51.793778892398514,80.1268447656184,75,15.854850564173148,1,0,0
5,True,1,1197.5218510715317,10200.0,5.048765204499215,68.7,-37.17023294025515,87.38548569563898,76,12.251360558472925,2,0,0
5,True,1,1226.5218510715317,9121.529068224478,3.8370617690999174,29.0,-37.82976705974485,87.7121359393817,77,29.0,2,0,0
4,True,0,1244.3704905130587,1448.8558040482087,4.5583966555682025,59.1,-51.61639802391111,80.13984883293881,78,17.848639441526984,1,0,0
3,False,0,1247.3240780031717,9724.532435241816,8.192342418418113,91.83030519047908,-34.79218115506413,76.471965334863,79,2.953587490113023,-1,1,0
2,False,1,1260.918695735269,11195.390377187045,5.71295498864826,29.11312979420752,-39.97245242344231,77.1603146224764,80,13.594617732097277,-1,1,0
1,True,0,1272.6040940485022,9773.045401456497,7.4311133438173105,61.0,-38.28489222641065,80.33101481256537,81,11.685398313233236,0,0,0
7,True,0,1285.5510709765,3454.3694937053997,28.9133703131429,1093.624284062564,-33.020556240701936,85.04235549141703,82,12.946976927997639,3,0,0
2,False,1,1298.5023058173388,11195.390377187045,3.199758292502141,37.5836100820697,-40.90578575677564,77.24528665319303,83,12.951234840838879,-1,1,0
4,True,0,1303.4704905130586,1214.033061257571,4.519267565868328,59.1,-51.4844436829516,80.1536507579239,84,4.968184695719856,1,0,0
3,False,0,1309.3511931257208,9724.532435241816,8.192342418418113,62.027115122549155,-35.04687904212164,76.55196345156713,85,5.880702612662162,-1,1,0
5,True,1,1313.5218510715317,9121.529068224478,4.788803644685782,29.0,-40.82976705974485,88.0,86,4.1706579458109445,2,0,0
2,False,1,1322.982238389206,11195.390377187045,5.825976057829957,24.479932571867305,-41.83911909010898,77.31225434706047,87,9.460387317674304,-1,1,0
5,True,1,1342.5218510715317,9659.396464728947,3.3829594725939227,29.0,-41.82976705974486,88.0,88,19.539612682325696,2,0,0
2,False,1,1356.8101754068825,11195.390377187045,5.0123252736535795,33.82793701767628,-42.77245242344231,77.36557502759878,89,14.288324335350808,-1,1,0
4,True,0,1362.5704905130585,1314.630273256569,5.247723098258923,59.1,-51.40891301435942,80.16824511746876,90,5.7603151061759945,1,0,0
5,True,2,1377.2514928538699,11872.033003185623,4.1,30.567706175400495,-46.36722906680382,82.70645135603336,91,14.681002340811347,2,0,0
5,True,2,1404.2986353870895,11655.429405371862,6.4,27.04714253321946,-46.691553391128146,82.88194630467436,92,27.047142533219585,2,0,0
2,False,1,1418.3346832403454,11195.390377187045,6.540759106772865,31.01660407735972,-44.63911909010898,77.4514703393736,93,14.036047853255923,-1,1,0
4,True,0,1421.6704905130584,1448.8558040482087,5.3418230943800395,59.1,-51.397069409975764,80.18362121494724,94,3.3358072727130548,1,0,0
5,True,2,1433.478705989369,11994.678193801636,4.1,29.180070602279514,-47.01587771545247,83.036734374043,95,11.808215476310579,2,0,0
1,True,0,1439.6518561990224,9773.045401456497,7.4311133438173105,91.32272095612883,-38.55234063701543,80.37778835350166,96,6.173150209653386,0,0,0
2,False,1,1449.1637831880562,11195.390377187045,2.7500142375636627,30.829099947710965,-44.427547576557686,77.49485919949161,97,9.511926989033782,-1,1,0
5,True,2,1460.0454516639898,12106.684052056877,6.4,26.56674567462072,-47.34020203977679,83.17102770336292,98,10.881668475933566,2,0,0
3,False,0,1478.4741336461163,9724.532435241816,8.192342418418113,91.83030519047908,-35.583526330380856,76.70034680218915,99,18.42868198212659,-1,1,0
2,False,1,1481.7534210160686,11195.390377187045,4.031345278201683,32.58963782801227,-43.494214243224356,77.54575687034885,100,3.2792873699522715,-1,1,0
5,True,2,1489.5622676123892,12205.08249313075,4.1,29.516815948399532,-47.66452636410112,83.28562802821438,101,7.8088465963205635,2,0,0
1,True,0,1500.6518561990224,9773.045401456497,7.4311133438173105,61.0,-38.71596830875072,80.39829930972428,102,11.089588586633226,0,0,0
2,False,1,1516.9065673119512,11195.390377187045,5.841013030998009,35.153146295882586,-42.56088090989102,77.60922301258351,103,16.254711112928817,-1,1,0
3,False,0,1540.5012487686654,9724.532435241816,8.192342418418113,62.027115122549155,-35.86190443241976,76.7686088336774,104,23.59468145671417,-1,1,0
5,True,2,1546.6522868331444,11594.228073094826,4.1,29.223306231023642,-47.68682498725023,83.46174990368695,105,6.151038064479053,2,0,0
5,True,2,1573.041065886398,11247.121453439775,6.4,26.388779053253536,-47.36250066292591,83.52753496893001,106,26.38877905325353,2,0,0
1,True,0,1576.3768973934136,9773.045401456497,7.4311133438173105,75.72504119439127,-38.89812325205836,80.41728319332883,107,3.335831507015655,0,0,0
6,False,0,1579.5748509894827,5408.014830243318,2.5587701410642794,1004.2285495048187,-36.351586695041675,65.32581420631493,108,3.1979535960690555,-1,1,0
2,False,1,1581.2673696382253,11195.390377187045,5.817594044859687,36.06603479166156,-40.69421424322435,77.7911557168972,109,1.6925186487426345,-1,1,0
4,True,0,1598.9704905130582,1448.8558040482087,5.610236371834944,59.1,-51.75258474281279,80.23425560241482,110,17.703120874832848,1,0,0
2,False,1,1605.5782703364666,11195.390377187045,3.366305748908971,24.310900698241472,-39.76088090989102,77.91623921296524,111,6.607779823408464,-1,1,0
3,False,0,1617.7938840985819,9724.532435241816,8.192342418418113,77.29263532991648,-36.144528955182565,76.83287944376245,112,12.215613762115254,-1,1,0
4,True,0,1658.070490513058,1214.033061257571,4.284620645584542,59.1,-51.9830099411938,80.25254942827121,113,40.27660641447619,1,0,0
5,True,2,1662.5042589650718,12082.784469308575,4.1,29.7086163275751,-46.389527689952935,83.66978342786597,114,4.433768452013737,2,0,0
1,True,0,1667.6996183495426,9773.045401456497,7.4311133438173105,91.32272095612883,-39.09759325584412,80.43504580184566,115,5.195359384470748,0,0,0
2,False,1,1669.31126713307,11195.390377187045,3.387065709108734,30.10306831470313,-38.105785756775646,78.24364798498473,116,1.611648783527471,-1,1,0
5,True,2,1688.3397569299732,11556.843228383124,6.4,25.83549796490126,-46.06520336562861,83.7098447682694,117,19.02848979690316,2,0,0
3,False,0,1709.624189289061,9724.532435241816,8.192342418418113,91.83030519047908,-36.42951907910003,76.89316305428171,118,21.28443235908776,-1,1,0
5,True,2,1714.9746318479597,11684.93519830697,4.1,26.63487491798671,-45.74087904130429,83.75203319952877,119,5.350442558898749,2,0,0
4,True,0,1717.170490513058,1314.630273256569,5.660753508928957,59.1,-52.25059795978865,80.27149609292566,120,2.195858665098285,1,0,0
1,True,0,1728.6996183495426,9773.045401456497,7.4311133438173105,61.0,-39.31305088014302,80.45190106018933,121,11.529127836484577,0,0,0
2,False,1,1732.8255403515209,11195.390377187045,4.568933531533958,28.282779572218878,-39.97245242344231,78.67301871085694,122,4.125922001978324,-1,1,0
5,True,2,1744.5402069582615,12276.43681187579,6.4,29.565575110301697,-45.41655471697996,83.79980014744652,123,11.714666606740593,2,0,0
2,False,1,1764.5668092333829,11195.390377187045,6.767243728337723,31.741268881861945,-40.90578575677564,78.92138001347362,124,20.026602275121377,-1,1,0
3,False,0,1771.65130441161,9724.532435241816,8.192342418418113,62.027115122549155,-36.71497824191756,76.94949061989686,125,7.084495178227144,-1,1,0
4,True,0,1776.270490513058,1448.8558040482087,4.4886287973391195,59.1,-52.53964470721267,80.29105593587963,126,4.6191861014478945,1,0,0
2,False,1,1798.2014459390366,11195.390377187045,5.849411509307897,33.63463670565361,-41.83911909010897,79.18774565293953,127,21.93095542597871,-1,1,0
5,True,2,1802.5562655440922,12276.577708121113,6.4,26.758418580533814,-45.232093931668686,83.92497820321897,128,4.354819605055582,2,0,0
1,True,0,1804.4246595439338,9773.045401456497,7.4311133438173105,75.72504119439127,-39.54306229001336,80.46816893154009,129,1.8683939998416008,0,0,0
5,True,2,1830.875542210978,11237.100027448321,4.1,28.319276666885578,-45.55641825599301,84.00811838663522,130,26.450882667044198,2,0,0
4,True,0,1835.3704905130578,1214.033061257571,5.323359590245788,59.1,-52.832725896192535,80.31118521603412,131,4.49494830207982,1,0,0
2,False,1,1858.0454226330062,11195.390377187045,2.841752048454592,33.112847464638136,-43.70578575677565,79.75646420837055,132,22.67493211994838,-1,1,0
1,True,0,1895.7473805000627,9773.045401456497,7.4311133438173105,91.32272095612883,-39.786096797471664,80.4841732880417,133,37.701957867056535,0,0,0
5,True,2,1910.2522776750284,12114.575907120503,6.4,28.034321774676147,-46.529391228965984,84.3653850285791,134,14.504897174965663,2,0,0
2,False,1,1918.211912982407,11195.390377187045,6.013541135696311,33.92698206451047,-44.427547576557686,80.33847413384173,135,7.959635307378676,-1,1,0
3,False,0,1940.7742449320056,9724.532435241816,8.192342418418113,91.83030519047908,-37.279714470433,77.05053268799348,136,22.5623319495985,-1,1,0
2,False,1,1946.2889039424376,11195.390377187045,4.173905256222321,28.076990960030457,-43.49421424322435,80.6209097963178,137,5.514659010432069,-1,1,0
1,True,0,1956.7473805000627,9773.045401456497,7.4311133438173105,61.0,-40.04053704796867,80.50023975548584,138,10.45847655762509,0,0,0
2,False,1,1977.2007255708868,11195.390377187045,6.332108604823747,30.911821628449346,-42.56088090989102,80.89077698741649,139,20.45334507082407,-1,1,0
5,True,2,1998.5352810121358,12177.471880889638,4.1,27.11512313824416,-47.50236420193895,84.90441826639098,140,21.334555441248995,2,0,0
3,False,0,2002.8013600545546,9724.532435241816,8.192342418418113,62.027115122549155,-37.55523330970506,77.09543903646977,141,4.2660790424188235,-1,1,0
2,False,1,2013.7563830702245,11195.390377187045,2.557491460635296,36.555657499337634,-41.62754757655769,81.0,142,10.955023015669894,-1,1,0
2,False,1,2047.4876412761287,11195.390377187045,3.5201665801731745,33.7312582059043,-40.69421424322435,81.0,143,33.73125820590417,-1,1,0
0,True,-1,2071.5578774314235,4943.04359178124,12.64266787757257,,-38.06132874446336,73.97362635872494,144,24.07023615529488,-1,0,1
5,True,2,2077.5286513219507,11541.88801242261,6.4,25.755958800316122,-47.52466282508807,85.61187270843575,145,5.970773890527198,2,0,0
3,False,0,2080.0939953844713,9724.532435241816,8.192342418418113,77.29263532991648,-37.82372974540228,77.13677175532813,146,2.5653440625205803,-1,1,0
1,True,0,2123.795142650583,9773.045401456497,7.4311133438173105,91.32272095612883,-40.57679711154307,80.53385729544249,147,43.70114726611155,0,0,0
2,False,0,2127.2622904564755,9895.421773361291,1.2,28.0,-41.012014251474994,76.18933597198198,148,3.467147805892637,-1,1,0
4,True,0,2130.870490513057,1448.8558040482087,5.517771528806534,59.1,-53.760793324665975,80.41859531284604,149,3.608200056581609,1,0,0
5,True,2,2135.6479103088172,11507.657551483611,6.4,26.531144171087185,-46.87601417643942,86.15075275013288,150,4.7774197957601245,2,0,0
2,False,0,2155.2622904564755,10196.228312761863,3.7815629381403038,28.0,-38.212014251475,76.31852437395679,151,19.614380147658267,-1,1,0
5,True,2,2165.7890761078706,11279.384876865124,4.1,30.141165799053727,-46.551689852115096,86.43162873111437,152,10.52678565139513,2,0,0
3,False,0,2171.9243005749504,9724.532435241816,8.192342418418113,91.83030519047908,-38.083416978043886,77.17468791428757,153,6.135224467079752,-1,1,0
1,True,0,2184.795142650583,9773.045401456497,7.4311133438173105,61.0,-40.855048202374064,80.55204891306033,154,12.870842075632481,0,0,0
5,True,2,2193.9144277580626,11991.60587736939,6.4,28.125351650191547,-46.227365527790774,86.71563790655783,155,9.119285107479755,2,0,0
2,False,0,2211.2622904564755,10150.3971899098,3.7815629381403038,28.0,-37.387985748525004,76.90001423097259,156,17.347862698412882,-1,1,0
5,True,2,2221.812388494513,11785.453780381034,4.1,27.89796073645067,-45.90304120346645,86.99927495973743,157,10.550098038037504,2,0,0
3,False,0,2233.9514156974997,9724.532435241816,8.192342418418113,62.027115122549155,-38.332566831942025,77.20936731970959,158,12.139027202986654,-1,1,0
5,True,2,2248.395046652149,11557.215388076063,6.4,26.582658157636036,-45.57871687914212,87.2790452792074,159,14.443630954649507,2,0,0
4,True,0,2249.070490513057,1314.630273256569,4.863014861207323,59.1,-53.65212445175413,80.46364865560565,160,0.6754438609077624,1,0,0
1,True,0,2260.5201838449743,9773.045401456497,7.4311133438173105,75.72504119439127,-41.1375913410087,80.57157946910931,161,11.449693331917388,0,0,0
5,True,2,2277.7440615624873,12273.26081778043,4.1,29.349014910338344,-45.2543925548178,87.5515654924106,162,17.223877717513005,2,0,0
7,True,0,2279.3095208660516,3141.2413351365694,28.9133703131429,993.7584498895519,-33.3841926043383,85.04604999296453,163,1.5654593035642392,3,0,0
5,True,2,2307.63070360752,11554.413097199664,6.4,29.886642045032414,-45.069931769506525,87.81366079914702,164,28.32118274146842,2,0,0
2,False,0,2323.2622904564755,10098.719287936367,3.7815629381403038,28.0,-35.41201425147499,79.98296970304956,165,15.631586848955521,-1,1,0
5,True,2,2340.128504299814,11278.575396766302,4.1,32.49780069229391,-45.39425609383085,88.0,166,16.8662138433383,2,0,0
1,True,0,2351.842904801103,9773.045401456497,7.4311133438173105,91.32272095612883,-41.4225462494757,80.59275112310483,167,11.71440050128922,0,0,0
2,False,0,2355.2622904564755,10025.660936978391,1.2,32.0,-37.387985748525004,80.59998576902741,168,3.41938565537248,-1,1,0
5,True,2,2364.733092892751,11400.171085953982,6.4,24.604588592937073,-45.71858041815517,88.0,169,9.470802436275335,2,0,0
4,True,0,2367.2704905130568,1214.033061257571,5.617556638124204,59.1,-53.232144767647966,80.50915034143519,170,2.53739762030591,1,0,0
2,False,0,2387.2622904564755,9897.859178584426,3.7815629381403038,32.0,-40.18798574852501,80.98782766400305,171,19.991799943418755,-1,1,0
5,True,2,2391.52545128758,11659.782913890242,4.1,26.79235839482903,-46.0429047424795,88.0,172,4.263160831104415,2,0,0
3,False,0,2403.074356217895,9724.532435241816,8.192342418418113,91.83030519047908,-38.79270335739842,77.26984145576372,173,11.548904930315075,-1,1,0
0,True,-1,2403.5597033533763,2875.248003419921,28.560220872465163,,-32.96446768989627,70.67541183908736,174,0.4853471354813337,-1,0,1
1,True,0,2412.842904801103,9773.045401456497,7.4311133438173105,61.0,-41.708016599873474,80.61585511332628,175,9.283201447726697,0,0,0
5,True,2,2418.036070799122,11548.988938431696,6.4,26.5106195115423,-46.36722906680382,88.0,176,5.19316599801914,2,0,0
4,True,0,2426.3704905130567,1314.630273256569,5.0011705322850135,59.1,-52.92429840831667,80.53190723044057,177,8.334419713934494,1,0,0
5,True,0,2441.269078904482,8724.729700218291,3.6602332929348607,18.99393404852022,-44.70821482422377,82.62131452817606,178,14.898588391425164,2,0,0
5,True,0,2469.84764063763,8724.729700218291,3.6602332929348607,28.57856173314818,-47.90821482422377,82.88880334447781,179,28.578561733148035,2,0,0
4,True,0,2485.4704905130566,1448.8558040482087,5.335334321901701,59.1,-52.5687706583439,80.55458142173475,180,15.62284987542671,1,0,0
1,True,0,2488.5679459954945,9773.045401456497,7.4311133438173105,75.72504119439127,-41.99210263411941,80.64116981867419,181,3.0974554824379084,0,0,0
5,True,0,2517.4201364192986,8724.729700218291,3.6602332929348607,28.57856173314818,-47.69178517577623,83.26198560313678,182,28.85219042380413,2,0,0
5,True,0,2536.4140704678184,8724.729700218291,3.6602332929348607,18.99393404852022,-44.49178517577623,83.68349532018486,183,18.993934048519804,2,0,0
3,False,0,2542.3941066703605,9724.532435241816,8.192342418418113,77.29263532991648,-39.191911169120196,77.3200383657193,184,5.980036202542124,-1,1,0
4,True,0,2544.5704905130565,1214.033061257571,4.425533213287707,59.1,-52.182174577340035,80.57710844874441,185,2.176383842695941,1,0,0
0,True,-1,2560.3770876615818,4525.53276060596,13.706230850363113,,-47.46234140458933,84.89558296141291,186,15.80659714852527,-1,0,1
1,True,0,2579.890666951623,9773.045401456497,7.4311133438173105,91.32272095612883,-42.2729138065265,80.66895890610473,187,19.513579290041434,0,0,0
5,True,0,2612.565127982635,8724.729700218291,3.6602332929348607,28.57856173314818,-50.891785175776235,86.3540209007463,188,32.674461031012015,2,0,0
5,True,0,2631.5590620311555,8724.729700218291,3.6602332929348607,18.99393404852022,-47.69178517577623,87.33801439686322,189,18.99393404852026,2,0,0
3,False,0,2634.2244118608396,9724.532435241816,8.192342418418113,91.83030519047908,-39.36528021724702,77.34193535006091,190,2.6653498296841462,-1,1,0
1,True,0,2640.890666951623,9773.045401456497,7.4311133438173105,61.0,-42.54858136507296,80.69946957596953,191,6.666255090783579,0,0,0
4,True,0,2662.7704905130563,1448.8558040482087,4.445902316453479,59.1,-51.389349497595674,80.62146846288378,192,21.879823561433113,1,0,0
5,True,0,2679.1315578128238,8724.729700218291,3.6602332929348607,18.99393404852022,-44.70821482422377,88.0,193,16.361067299767456,2,0,0
3,False,0,2696.251526983389,9724.532435241816,8.192342418418113,62.027115122549155,-39.519581298266026,77.36207536963553,194,17.119969170565128,-1,1,0
1,True,0,2716.6157081460146,9773.045401456497,7.4311133438173105,75.72504119439127,-42.817270787638606,80.73293091693819,195,20.364181162625755,0,0,0
3,False,0,2773.544162313305,9724.532435241816,8.192342418418113,77.29263532991648,-39.65378756394091,77.38075652807943,196,56.92845416729051,-1,1,0
4,True,0,2780.970490513056,1314.630273256569,4.488860981085322,59.1,-50.69225270619164,80.66449866424475,197,7.426328199750969,1,0,0
0,True,-1,2828.709619952406,2747.0716411790245,11.342638672107332,,-52.26398884521901,67.72617616408394,198,47.739129439349654,-1,0,1
4,True,0,2840.070490513056,1448.8558040482087,4.27149050178734,59.1,-50.41952990596333,80.68537172093899,199,11.360870560650255,1,0,0
3,False,0,2865.374467503784,9724.532435241816,8.192342418418113,91.83030519047908,-39.7670058937161,77.3982866375089,200,25.303976990728188,-1,1,0
1,True,0,2868.9384291021433,9773.045401456497,7.4311133438173105,61.0,-43.32662122746746,80.809522391847,201,3.5639615983591284,0,0,0
3,False,0,2927.4015826263335,9724.532435241816,8.192342418418113,62.027115122549155,-39.85848283828663,77.4149811700816,202,58.46315352419015,-1,1,0
1,True,0,2944.663470296535,9773.045401456497,7.4311133438173105,75.72504119439127,-43.56389260159052,80.85300708644556,203,17.261887670201304,0,0,0
4,True,0,2958.270490513056,1314.630273256569,5.427068922996332,59.1,-50.07948457617204,80.72557169400405,204,13.60702021652105,1,0,0
3,False,0,3004.6942179562498,9724.532435241816,8.192342418418113,77.29263532991648,-39.92760963367904,77.43116115858126,205,46.42372744319391,-1,1,0
4,True,0,3017.3704905130558,1448.8558040482087,4.986161113368893,59.1,-50.02166032610762,80.74480393904406,206,12.676272556805998,1,0,0
4,True,0,3076.4704905130557,1214.033061257571,5.505877599624841,59.1,-50.037627229107656,80.76340095818986,207,59.09999999999991,1,0,0
3,False,0,3096.524523146729,9724.532435241816,8.192342418418113,91.83030519047908,-39.97392625247509,77.44715105999752,208,20.05403263367316,-1,1,0
1,True,0,3096.9861912526635,9773.045401456497,7.4311133438173105,61.0,-43.99574315701182,80.95106718333976,209,0.46166810593467744,0,0,0
4,True,0,3135.5704905130556,1314.630273256569,4.635741079355508,59.1,-50.121212158744136,80.78132541777605,210,38.58429926039207,1,0,0
4,True,0,3194.6704905130555,1448.8558040482087,4.936916214755272,59.1,-50.26234035966532,80.79854445991009,211,59.09999999999991,1,0,0
3,False,0,3235.8442735991944,9724.532435241816,8.192342418418113,77.29263532991648,-39.997049891630624,77.47986258690332,212,41.17378308613888,-1,1,0
4,True,0,3253.7704905130554,1214.033061257571,5.312090488685994,59.1,-50.44767006407602,80.81502992113629,213,17.926216913861026,1,0,0
4,True,0,3312.8704905130553,1314.630273256569,4.5112896016080075,59.1,-50.661420821316334,80.83075851985878,214,59.09999999999991,1,0,0
7,True,0,3313.375973166986,3236.37959550557,28.9133703131429,1034.0664523009343,-33.74782896797467,85.04952446583529,215,0.5054826539308124,3,0,0
3,False,0,3327.6745787896734,9724.532435241816,8.192342418418113,91.83030519047908,-39.97370302798665,77.49723078686556,216,14.298605622687319,-1,1,0
4,True,0,3371.970490513055,1448.8558040482087,5.510227652679102,59.1,-50.88634593064731,80.84571201127687,217,44.29591172338178,1,0,0
0,True,-1,3373.0108526978943,7513.707579899197,19.99862912572033,,-34.470823757191894,78.61779553135051,218,1.0403621848390685,-1,0,1
3,False,0,3389.7016939122227,9724.532435241816,8.192342418418113,62.027115122549155,-39.92723924381209,77.51569774584334,219,16.69084121432843,-1,1,0
1,True,0,3400.758994597575,9773.045401456497,7.4311133438173105,75.72504119439127,-44.65075687202716,81.19397436172699,220,11.057300685352402,0,0,0
0,True,-1,3426.7089896319303,9441.427457345884,9.80978937483824,,-41.06031361153763,81.47380538217264,221,25.949995034355197,-1,0,1
4,True,0,3431.070490513055,1214.033061257571,5.16879887632979,59.1,-51.10479078347622,80.859877308801,222,4.361500881124812,1,0,0
3,False,0,3466.994329242139,9724.532435241816,8.192342418418113,77.29263532991648,-39.857967747924626,77.53557270141512,223,35.923838729083855,-1,1,0
4,True,0,3549.270490513055,1448.8558040482087,5.2043387253723346,59.1,-51.456025378948986,80.88581725449347,224,82.27616127091596,1,0,0
1,True,0,3553.081715553704,9773.045401456497,7.4311133438173105,61.0,-44.85651300728652,81.33926878325279,225,3.8112250406488783,0,0,0
3,False,0,3558.824634432618,9724.532435241816,8.192342418418113,91.83030519047908,-39.76634953070041,77.55715552117431,226,5.7429188789142245,-1,1,0
4,True,0,3608.370490513055,1214.033061257571,4.9185969128930545,59.1,-51.56092255338375,80.89759212946048,227,49.545856080436806,1,0,0
3,False,0,3620.8517495551673,9724.532435241816,8.192342418418113,62.027115122549155,-39.65299429625912,77.58073470715993,228,12.48125904211247,-1,1,0
1,True,0,3628.8067567480953,9773.045401456497,7.4311133438173105,75.72504119439127,-44.926191689224375,81.4177659634443,229,7.955007192927951,0,0,0
3,False,0,3698.1443848850836,9724.532435241816,8.192342418418113,77.29263532991648,-39.518656404983666,77.6065854759232,230,69.33762813698831,-1,1,0
1,True,0,3720.129477704224,9773.045401456497,7.4311133438173105,91.32272095612883,-44.97306963075228,81.50005138865848,231,21.98509281914039,0,0,0
4,True,0,3785.6704905130546,1214.033061257571,4.3373904297998775,59.1,-51.49574811225677,80.92824869273035,232,65.5410128088306,1,0,0
4,True,0,3844.7704905130545,1314.630273256569,4.49803716228985,59.1,-51.344487755722795,80.93697294572343,233,59.09999999999991,1,0,0
3,False,0,3852.001805198112,9724.532435241816,8.192342418418113,62.027115122549155,-39.190742324659375,77.66612531202466,234,7.231314685057441,-1,1,0
1,True,0,3856.8545188986154,9773.045401456497,7.4311133438173105,75.72504119439127,-44.997329243952976,81.67550067726161,235,4.8527137005035,0,0,0
4,True,0,3903.8704905130544,1448.8558040482087,4.382289445899713,59.1,-51.13773578434718,80.94499308979059,236,47.01597161443897,1,0,0
3,False,0,3929.294440528028,9724.532435241816,8.192342418418113,77.29263532991648,-38.999348349713074,77.70028241586422,237,25.423950014973798,-1,1,0
3,False,0,4021.1247457185073,9724.532435241816,8.192342418418113,91.83030519047908,-38.791321623862885,77.73764406077841,238,91.83030519047907,-1,1,0
4,True,0,4022.070490513054,1314.630273256569,5.381882484091718,59.1,-50.606500485024576,80.95905773168177,239,0.9457447945469539,1,0,0
4,True,0,4081.170490513054,1448.8558040482087,4.67065203506766,59.1,-50.31319078006035,80.96518148449195,240,59.09999999999991,1,0,0
1,True,0,4084.9022810491356,9773.045401456497,7.4311133438173105,75.72504119439127,-44.859927739778904,81.96342613622788,241,3.731790536081462,0,0,0
4,True,0,4140.270490513054,1214.033061257571,5.26277862983056,59.1,-50.02488122952625,80.97075911091969,242,55.36820946391845,1,0,0
3,False,0,4160.444496170972,9724.532435241816,8.192342418418113,77.29263532991648,-38.33100892897401,77.8226924132429,243,20.174005657918315,-1,1,0
1,True,0,4176.225002005264,9773.045401456497,7.4311133438173105,91.32272095612883,-44.76884856842186,82.06519665142461,244,15.780505834291944,0,0,0
4,True,0,4199.370490513054,1314.630273256569,4.565924902747387,59.1,-49.75960986967668,80.97583991921007,245,23.145488507790105,1,0,0
3,False,0,4252.274801361452,9724.532435241816,8.192342418418113,91.83030519047908,-38.08178626497356,77.8706774023268,246,52.90431084839747,-1,1,0
4,True,0,4258.470490513055,1448.8558040482087,4.351481377920389,59.1,-49.534473047519604,80.98047652385092,247,6.195689151602892,1,0,0
0,True,-1,4303.75517708112,12110.15873807121,1.107777960990484,,-32.828778717911504,77.54293008393287,248,45.2846865680649,-1,0,1
1,True,0,4312.950043199656,9773.045401456497,7.4311133438173105,75.72504119439127,-44.52218016580143,82.2759897569578,249,9.194866118536083,0,0,0
7,True,0,4362.400729644039,3461.8143431492645,28.9133703131429,1049.024756477053,-34.11146533161103,85.05284221441431,250,49.45068644438288,3,0,0
4,True,0,4376.6704905130555,1314.630273256569,5.373787974153609,59.1,-49.262226991233796,80.98864199083224,251,14.269760869016864,1,0,0
1,True,0,4465.272764155785,9773.045401456497,7.4311133438173105,61.0,-44.19519716444219,82.49463416470805,252,88.60227364272941,0,0,0
3,False,0,4483.4248570043965,9724.532435241816,8.192342418418113,91.83030519047908,-37.27793201413172,78.03775128920635,253,18.152092848611574,-1,1,0
4,True,0,4494.870490513056,1214.033061257571,4.976703055035982,59.1,-49.290310489734864,80.99572877526654,254,11.44563350865974,1,0,0
4,True,0,4553.970490513057,1314.630273256569,5.6294724593095395,59.1,-49.425240010318866,80.99902375577697,255,59.100000000000364,1,0,0
6,False,0,4592.260499503939,5408.014830243318,2.5587701410642794,1004.2285495048187,-37.186242715954556,65.55737320309858,256,38.2900089908826,-1,1,0
4,True,0,4613.070490513057,1448.8558040482087,4.644286044782177,59.1,-49.63631784695604,81.0,257,20.809991009117766,1,0,0
0,True,-1,4692.419269271027,3946.3836970791376,27.22870961702529,,-49.11423426313031,71.00973235742656,258,79.34877875796974,-1,0,1
1,True,0,4769.045567500697,9773.045401456497,7.4311133438173105,75.72504119439127,-43.336949166557865,82.9458942088143,259,76.62629822967028,0,0,0
1,True,0,4860.368288456826,9773.045401456497,7.4311133438173105,91.32272095612883,-43.088004615761875,83.05976965492884,260,91.32272095612916,0,0,0
1,True,0,4921.368288456826,9773.045401456497,7.4311133438173105,61.0,-42.828492156250306,83.17342019670858,261,61.0,0,0,0
1,True,0,4997.093329651218,9773.045401456497,7.4311133438173105,75.72504119439127,-42.560138800624664,83.28652164069258,262,75.72504119439145,0,0,0
3,False,0,5007.7520834128345,9724.532435241816,8.192342418418113,62.027115122549155,-35.309527760668495,78.5652753531782,263,10.658753761616936,-1,1,0
3,False,0,5085.044718742751,9724.532435241816,8.192342418418113,77.29263532991648,-35.04521596605037,78.65554212520266,264,77.29263532991627,-1,1,0
1,True,0,5149.416050607347,9773.045401456497,7.4311133438173105,61.0,-42.00409974044301,83.50980086534219,265,64.37133186459596,0,0,0
3,False,0,5176.87502393323,9724.532435241816,8.192342418418113,91.83030519047908,-34.790585519155705,78.74913832469703,266,27.458973325883562,-1,1,0
1,True,0,5225.141091801738,9773.045401456497,7.4311133438173105,75.72504119439127,-41.720114384092504,83.61935702389341,267,48.26606786850789,0,0,0
3,False,0,5238.902139055779,9724.532435241816,8.192342418418113,62.027115122549155,-34.54733094359752,78.84587321653956,268,13.761047254040932,-1,1,0
1,True,0,5316.463812757867,9773.045401456497,7.4311133438173105,91.32272095612883,-41.43466420283219,83.72712497721285,269,77.56167370208823,0,0,0
1,True,0,5377.463812757867,9773.045401456497,7.4311133438173105,61.0,-41.14964882052237,83.83281967949522,270,61.0,0,0,0
7,True,0,5381.724047449716,3174.4922864775995,28.9133703131429,1019.323317805677,-34.475101695247396,85.05606758606093,271,4.260234691848382,3,0,0
1,True,0,5453.188853952259,9773.045401456497,7.4311133438173105,75.72504119439127,-40.8669649675081,83.93616988207886,272,71.46480650254307,0,0,0
1,True,0,5544.511574908388,9773.045401456497,7.4311133438173105,91.32272095612883,-40.58849385819164,84.0,273,91.32272095612916,0,0,0
3,False,0,5547.34483002864,9724.532435241816,8.192342418418113,77.29263532991648,-33.71909003171813,79.25968441492907,274,2.8332551202520335,-1,1,0
6,False,0,5596.489049008757,5634.859050401618,2.5587701410642794,1004.2285495048187,-37.45977837424745,65.62942298236118,275,49.14421898011733,-1,1,0
1,True,0,5605.511574908388,9773.045401456497,7.4311133438173105,61.0,-40.31608867186098,84.0,276,9.022525899630637,0,0,0
3,False,0,5639.1751352191195,9724.532435241816,8.192342418418113,91.83030519047908,-33.55511850993732,79.36857262067366,277,33.663560310731555,-1,1,0
3,False,0,5701.202250341668,9724.532435241816,8.192342418418113,62.027115122549155,-33.41074468860163,79.47907007858784,278,62.02711512254882,-1,1,0
1,True,0,5772.559337058909,9773.045401456497,7.4311133438173105,91.32272095612883,-39.79667488276387,84.0,279,71.35708671724024,0,0,0
3,False,0,5778.494885671585,9724.532435241816,8.192342418418113,77.29263532991648,-33.28692935167206,79.59087357846356,280,5.93554861267603,-1,1,0
1,True,0,5833.559337058909,9773.045401456497,7.4311133438173105,61.0,-39.5531228930666,84.0,281,55.06445138732397,0,0,0
3,False,0,5870.325190862064,9724.532435241816,8.192342418418113,91.83030519047908,-33.18449646978775,79.70367121859906,282,36.76585380315555,-1,1,0
1,True,0,5909.2843782533,9773.045401456497,7.4311133438173105,75.72504119439127,-39.32252704930387,84.0,283,38.9591873912359,0,0,0
3,False,0,5932.352305984613,9724.532435241816,8.192342418418113,62.027115122549155,-33.104127716877436,79.81714448145313,284,23.06792773131292,-1,1,0
1,True,0,6000.607099209429,9773.045401456497,7.4311133438173105,91.32272095612883,-39.106421928770274,84.0,285,68.25479322481624,0,0,0
3,False,0,6009.644941314529,9724.532435241816,8.192342418418113,77.29263532991648,-33.04635793373181,79.93097035332687,286,9.037842105100026,-1,1,0
0,True,-1,6109.844205058461,11446.35558307593,26.27456232048674,,-38.08451969938923,76.60776880328599,287,100.19926374393162,-1,0,1
0,True,-1,6267.21686994687,10253.976319162563,26.237069191480078,,-32.325692195222764,76.30579542723889,288,157.37266488840942,-1,0,1
0,True,-1,6470.941920294849,6175.268508544639,13.068510974014286,,-44.920801073944276,84.19961610712835,289,203.72505034797905,-1,0,1
7,True,0,6502.569320845513,3187.272760234184,28.9133703131429,1120.845273395798,-34.838738058883756,85.05926554288773,290,31.62740055066388,3,0,0
0,True,-1,6510.940789688541,5194.027136504283,5.56662400702386,,-40.13875988111986,71.81560763046616,291,8.371468843028197,-1,0,1
6,False,0,6600.717598513576,5870.0,2.5587701410642794,1004.2285495048187,-37.691586726558654,65.6986668783832,292,89.776808825035,-1,1,0
0,True,-1,7158.144016835218,7429.580577266116,17.991111703110313,,-53.760404329876245,74.89654381223677,293,557.4264183216419,-1,0,1
7,True,0,7550.700444209249,3399.0250442990473,28.9133703131429,1048.1311233637364,-35.20237442252012,85.06250122944833,294,392.55642737403105,3,0,0
0,True,-1,7556.211237032053,11919.600327561622,19.113339111443484,,-39.813616086581874,72.95039246106624,295,5.5107928228035234,-1,0,1
6,False,0,7604.946148018395,5408.014830243318,2.5587701410642794,1004.2285495048187,-37.86134702197363,65.76498979017595,296,48.734910986342584,-1,1,0
0,True,-1,8040.212127013987,1895.1525754094985,24.108290339147352,,-32.35456638738256,76.06066516021245,297,435.26597899559147,-1,0,1
0,True,-1,8225.910745433077,10293.51759730323,20.647416217144105,,-53.773798572761635,79.81345375068999,298,185.69861841909005,-1,0,1
0,True,-1,8375.403142440855,5949.225742975691,1.33547121098124,,-53.75567850592771,82.33354198318992,299,149.49239700777798,-1,0,1
7,True,0,8604.36183111978,3190.0223328903453,28.9133703131429,1053.66138691053,-35.56601078615648,85.06583953921125,300,228.95868867892568,3,0,0
0,True,-1,8634.035140409853,3139.5953713856993,8.63597106484784,,-39.39940772525055,67.24589322963321,301,29.67330929007221,-1,0,1
0,True,-1,8677.188257453845,5280.624391477616,21.129010689777292,,-39.301685381222086,70.82427032924997,302,43.1531170439921,-1,0,1
0,True,-1,8727.764206282718,9939.750470175291,15.949644279989485,,-49.09789933868841,72.51838502995201,303,50.57594882887315,-1,0,1
0,True,-1,8893.142655271256,11662.762384383954,8.216643994286692,,-45.383177417907994,71.16427667698085,304,165.37844898853837,-1,0,1
7,True,0,9718.720498237084,3417.5734192246696,28.9133703131429,1114.3586671173034,-35.92964714979285,85.06934468270454,305,825.5778429658276,3,0,0
6,False,0,10617.63179653285,5408.014830243318,2.5587701410642794,1004.2285495048187,-37.86145097632739,65.94557687641735,306,898.9112982957668,-1,1,0
7,True,0,10710.47960550804,3128.7377017672034,28.9133703131429,991.759107270956,-36.29328351342921,85.07307976020527,307,92.84780897518976,3,0,0
6,False,0,11621.860346037669,5634.859050401618,2.5587701410642794,1004.2285495048187,-37.673861590072754,65.999462359089,308,911.3807405296284,-1,1,0
7,True,0,11742.129405662607,3237.977457835406,28.9133703131429,1031.6498001545656,-36.656919877065576,85.07710634181767,309,120.26905962493765,3,0,0
6,False,0,12626.088895542487,5870.0,2.5587701410642794,1004.2285495048187,-37.39862302260162,66.05015364180946,310,883.9594898798805,-1,1,0
6,False,0,13630.317445047305,5408.014830243318,2.5587701410642794,1004.2285495048187,-37.04823116837464,66.09765908817063,311,1004.2285495048181,-1,1,0
6,False,0,14634.545994552123,5634.859050401618,2.5587701410642794,1004.2285495048187,-36.64020352935135,66.14200826297969,312,1004.2285495048181,-1,1,0
7,True,0,14912.61883945095,3404.9170244799748,28.9133703131429,1091.0569820551148,-37.74782896797467,85.09151934826625,313,278.0728448988266,3,0,0
6,False,0,15638.774544056942,5870.0,2.5587701410642794,1004.2285495048187,-36.19605714451786,66.18325173551028,314,726.1557046059916,-1,1,0
7,True,0,15959.973873695611,3158.219212467542,28.9133703131429,1047.3550342446608,-38.11146533161103,85.09728299253655,315,321.19932963866995,3,0,0
6,False,0,16643.00309356176,5408.014830243318,2.5587701410642794,1004.2285495048187,-35.740044289155634,66.22146074297228,316,683.02921986615,-1,1,0
7,True,0,18008.26706971074,3464.2630874641754,28.9133703131429,1031.5694583150175,-38.838738058883756,85.11054231082075,317,1365.2639761489772,3,0,0
6,False,0,19655.688742076218,5408.014830243318,2.5587701410642794,1004.2285495048187,-34.55381966477816,66.31889247392152,318,1647.421672365479,-1,1,0
7,True,0,20174.46591132473,3382.8314648806486,28.9133703131429,1062.4163644148314,-38.43398921384352,85.12638605029237,319,518.7771692485112,3,0,0
6,False,0,21664.145841085858,5870.0,2.5587701410642794,1004.2285495048187,-34.13831031370549,66.37085799413163,320,1489.6799297611287,-1,1,0
6,False,0,22668.374390590678,5408.014830243318,2.5587701410642794,1004.2285495048187,-34.09044017345623,66.39343730228003,321,1004.22854950482,-1,1,0
6,False,0,24676.831489600318,5870.0,2.5587701410642794,1004.2285495048187,-34.33858350673177,66.43276493473738,322,2008.45709900964,-1,1,0
7,True,0,25386.314239542648,3204.342021249267,28.9133703131429,1123.5440242162854,-36.6158073956617,85.17888101658973,323,709.48274994233,3,0,0
6,False,0,25681.060039105138,5408.014830243318,2.5587701410642794,1004.2285495048187,-34.62560329415583,66.4499429515707,324,294.74579956249,-1,1,0
7,True,0,26505.2755921802,3358.2392628922325,28.9133703131429,1118.961352637555,-36.25217103202533,85.19173160845631,325,824.2155530750642,3,0,0
6,False,0,26685.288588609958,5634.859050401618,2.5587701410642794,1004.2285495048187,-35.00534132332429,66.46576877444242,326,180.01299642975573,-1,1,0
7,True,0,27593.37944562555,3237.5298959928855,28.9133703131429,1088.1038534453476,-35.88853466838897,85.20538049239144,327,908.0908570155916,3,0,0
6,False,0,27689.517138114777,5870.0,2.5587701410642794,1004.2285495048187,-35.459412684037545,66.48048279082727,328,96.13769248922836,-1,1,0
7,True,0,28675.879879014097,3358.973140211052,28.9133703131429,1082.5004333885497,-35.524898304752604,85.21982326375316,329,986.3627408993198,3,0,0
6,False,0,28693.745687619597,5408.014830243318,2.5587701410642794,1004.2285495048187,-35.96549535375639,66.49433278708875,330,17.865808605500206,-1,1,0
6,False,0,29697.974237124417,5634.859050401618,2.5587701410642794,1004.2285495048187,-36.49862958415307,66.5075722995017,331,1004.22854950482,-1,1,0
6,False,0,30702.202786629237,5870.0,2.5587701410642794,1004.2285495048187,-37.032671484967516,66.5204589270103,332,1004.22854950482,-1,1,0
7,True,0,30840.269079215395,3414.0625579943135,28.9133703131429,1082.3556862291057,-34.79762557747988,85.25104649871022,333,138.06629258615794,3,0,0
6,False,0,32710.659885638877,5634.859050401618,2.5587701410642794,1004.2285495048187,-38.00208734331295,66.54621393513838,334,1870.390806423482,-1,1,0
7,True,0,32887.12376000117,3465.086893015287,28.9133703131429,1100.2933095189335,-34.07035285020715,85.28526181531947,335,176.46387436228906,3,0,0
6,False,0,33714.888435143694,5870.0,2.5587701410642794,1004.2285495048187,-38.39274220523471,66.55960233185787,336,827.7646751425273,-1,1,0
7,True,0,34016.426737795104,3251.3406957176953,28.9133703131429,1129.3029777939407,-33.706716486570784,85.30342602349867,337,301.53830265141005,3,0,0
7,True,0,35128.447037963306,3297.8112548383174,28.9133703131429,1112.0203001682041,-33.343080122934424,85.32225020084364,338,1112.020300168202,3,0,0
6,False,0,35723.34553415333,5634.859050401618,2.5587701410642794,1004.2285495048187,-38.905208535531465,66.5886822436411,339,594.8984961900278,-1,1,0
6,False,0,36727.57408365815,5870.0,2.5587701410642794,1004.2285495048187,-39.01099012303105,66.60487164811954,340,1004.22854950482,-1,1,0
7,True,0,38225.76699122142,3461.7845051724125,28.9133703131429,1086.11649568494,-32.25217103202533,85.38227371285089,341,1498.1929075632652,3,0,0
6,False,0,38736.03118266779,5634.859050401618,2.5587701410642794,1004.2285495048187,-38.92734232911975,66.64173761010875,342,510.26419144637475,-1,1,0
7,True,0,39259.72949446413,3298.6656491653066,28.9133703131429,1033.9625032427164,-32.11146533161103,85.40330943412721,343,523.6983117963391,3,0,0
7,True,0,40332.824407108405,3315.5536185225924,28.9133703131429,1073.0949126442695,-32.475101695247396,85.42477254909477,344,1073.094912644272,3,0,0
6,False,0,40744.48828167743,5408.014830243318,2.5587701410642794,1004.2285495048187,-38.525568908203944,66.6860536308075,345,411.66387456902885,-1,1,0
7,True,0,41475.37752765092,3115.182849497908,28.9133703131429,1142.5531205425154,-32.83873805888376,85.44660665069338,346,730.8892459734852,3,0,0
6,False,0,41748.71683118225,5634.859050401618,2.5587701410642794,1004.2285495048187,-38.25135011232139,66.71150913360725,347,273.33930353133474,-1,1,0
6,False,0,43757.17393019189,5408.014830243318,2.5587701410642794,1004.2285495048187,-37.67316830466756,66.76989546855454,348,2008.45709900964,-1,1,0
6,False,0,44761.40247969671,5634.859050401618,2.5587701410642794,1004.2285495048187,-37.417750569338885,66.80312916070584,349,1004.22854950482,-1,1,0
7,True,0,45551.37943246134,3417.785818795357,28.9133703131429,989.3870288922095,-34.293283513429216,85.53644669433184,350,789.9769527646276,3,0,0
6,False,0,45765.63102920153,5870.0,2.5587701410642794,1004.2285495048187,-37.21465154420837,66.83922867152825,351,214.25159674019233,-1,1,0
7,True,0,46649.097395982455,3280.256691320081,28.9133703131429,1097.7179635211128,-34.656919877065576,85.55921719789644,352,883.4663667809218,3,0,0
6,False,0,46769.85957870635,5408.014830243318,2.5587701410642794,1004.2285495048187,-37.08231692256986,66.87829947044813,353,120.76218272389815,-1,1,0
6,False,0,47774.08812821117,5634.859050401618,2.5587701410642794,1004.2285495048187,-37.03461515672243,66.92042725345978,354,1004.22854950482,-1,1,0
7,True,0,48849.08109922786,3203.193922827584,28.9133703131429,1160.1161250947862,-35.3841926043383,85.60467764660281,355,1074.9929710166834,3,0,0
7,True,0,50013.987816240595,3136.3161794787343,28.9133703131429,1164.9067170127416,-35.74782896797467,85.62723791281634,356,1164.9067170127382,3,0,0
6,False,0,50786.77377672563,5634.859050401618,2.5587701410642794,1004.2285495048187,-37.45345481434113,67.0657018399439,357,772.7859604850382,-1,1,0
7,True,0,51041.515190757425,3454.0261247800613,28.9133703131429,1027.527374516833,-36.11146533161103,85.64959962992826,358,254.74141403179237,3,0,0
6,False,0,51791.00232623045,5870.0,2.5587701410642794,1004.2285495048187,-37.768166522186945,67.12050195278613,359,749.4871354730276,-1,1,0
6,False,0,52795.23087573527,5408.014830243318,2.5587701410642794,1004.2285495048187,-38.149843057596954,67.17847576073521,360,1004.22854950482,-1,1,0
7,True,0,53267.340125023635,3181.737032351989,28.9133703131429,1106.3147472050623,-36.838738058883756,85.69347960489783,361,472.10924928836175,3,0,0
6,False,0,53799.45942524009,5634.859050401618,2.5587701410642794,1004.2285495048187,-38.57882263740574,67.23958316337914,362,532.1193002164582,-1,1,0
7,True,0,54293.88075253064,3370.9395427667546,28.9133703131429,1026.540627507005,-37.20237442252012,85.71487870161917,363,494.4213272905472,3,0,0
6,False,0,54803.68797474491,5870.0,2.5587701410642794,1004.2285495048187,-39.032050226823934,67.30376320675023,364,509.80722221427277,-1,1,0
7,True,0,55390.39346152848,3122.5730357718394,28.9133703131429,1096.5127089978428,-37.56601078615648,85.73584171996401,365,586.7054867835686,3,0,0
7,True,0,57634.77367922046,3340.348379220141,28.9133703131429,1081.409837129938,-38.293283513429216,85.7762504607871,366,2244.380217691978,3,0,0
6,False,0,57816.37362325937,5870.0,2.5587701410642794,1004.2285495048187,-40.2850770911808,67.51382630556228,367,181.59994403891324,-1,1,0
7,True,0,58774.6680175122,3486.405344594121,28.9133703131429,1139.8943382917423,-38.656919877065576,85.79560012261956,368,958.2943942528291,3,0,0
7,True,0,59711.27788082152,3389.0482410992377,28.9133703131429,936.6098633093171,-38.97944375929806,85.81432222405176,369,936.6098633093206,3,0,0
7,True,0,60651.259186833646,3471.49431757314,28.9133703131429,939.9813060121242,-38.6158073956617,85.83237859901635,370,939.9813060121232,3,0,0
6,False,0,60829.05927177383,5870.0,2.5587701410642794,1004.2285495048187,-40.899851292924744,67.74745827727354,371,177.80008494018693,-1,1,0
7,True,0,61665.00806010997,3245.5091890235453,28.9133703131429,1013.7488732763239,-38.25217103202533,85.84973551174572,372,835.9487883361362,3,0,0
6,False,0,61833.28782127865,5408.014830243318,2.5587701410642794,1004.2285495048187,-40.890396621516345,67.82980701015435,373,168.27976116868376,-1,1,0
7,True,0,62771.935418354624,3100.5256287748725,28.9133703131429,1106.9273582446554,-37.88853466838897,85.86636388127809,374,938.6475970759711,3,0,0
6,False,0,62837.51637078347,5634.859050401618,2.5587701410642794,1004.2285495048187,-40.765756944766,67.91406618716124,375,65.58095242884883,-1,1,0
6,False,0,63841.74492028829,5870.0,2.5587701410642794,1004.2285495048187,-40.53046055859569,68.00002078308786,376,1004.22854950482,-1,1,0
6,False,0,64845.97346979311,5408.014830243318,2.5587701410642794,1004.2285495048187,-40.19507450752595,68.08744448999475,377,1004.22854950482,-1,1,0
7,True,0,64909.359791993884,3413.141406751993,28.9133703131429,1078.7945933262613,-37.161261941116244,85.89734306984259,378,63.38632220077125,3,0,0
6,False,0,66854.43056880275,5870.0,2.5587701410642794,1004.2285495048187,-39.292532746986424,68.26574669263967,379,1945.0707768088687,-1,1,0
7,True,0,67004.11107155614,3270.8967451429908,28.9133703131429,1081.6998558513735,-36.43398921384352,85.92518315224766,380,149.68050275338464,3,0,0
6,False,0,67858.65911830757,5408.014830243318,2.5587701410642794,1004.2285495048187,-38.76969501954169,68.35613002806666,381,854.548046751428,-1,1,0
7,True,0,68096.47961676135,3134.0342909239853,28.9133703131429,1092.3685452052223,-36.07035285020715,85.93790722149886,382,237.82049845378788,3,0,0
6,False,0,68862.88766781238,5634.859050401618,2.5587701410642794,1004.2285495048187,-38.23282420801224,68.44699544906202,383,766.4080510510248,-1,1,0
7,True,0,69060.13149948917,3388.5456418175722,28.9133703131429,963.6518827278176,-35.70671648657079,85.94983453794431,384,197.2438316767948,3,0,0
7,True,0,70117.91660423094,3273.907336825564,28.9133703131429,1057.785104741763,-35.343080122934424,85.96097215368964,385,1057.7851047417644,3,0,0
6,False,0,70871.344766822,5408.014830243318,2.5587701410642794,1004.2285495048187,-37.220553003795935,68.62913510840441,386,753.4281625910662,-1,1,0
7,True,0,71054.34569071066,3372.1540952624187,28.9133703131429,936.4290864797231,-34.979443759298064,85.97133237616835,387,183.00092388865596,3,0,0
6,False,0,71875.57331632682,5634.859050401618,2.5587701410642794,1004.2285495048187,-36.79274635038047,68.71988864879923,388,821.2276256161567,-1,1,0
6,False,0,72879.80186583163,5870.0,2.5587701410642794,1004.2285495048187,-36.44334112371895,68.81008634401694,389,1004.2285495048127,-1,1,0
7,True,0,74217.24418032625,3371.6987155074285,28.9133703131429,1010.8854034073871,-33.888534668388964,85.9979486280514,390,1337.4423144946195,3,0,0
6,False,0,74888.25896484125,5634.859050401618,2.5587701410642794,1004.2285495048187,-36.029079910036096,68.98780141167357,391,671.0147845150059,-1,1,0
7,True,0,75250.7630078614,3355.5974396252905,28.9133703131429,1033.5188275351607,-33.524898304752604,86.0,392,362.50404302014795,3,0,0
6,False,0,75892.48751434607,5870.0,2.5587701410642794,1004.2285495048187,-35.97424028853488,69.0,393,641.7245064846647,-1,1,0
7,True,0,76329.3160807555,3232.8550625773464,28.9133703131429,1078.5530728940987,-33.16126194111624,86.0,394,436.8285664094292,3,0,0
6,False,0,77900.94461335569,5634.859050401618,2.5587701410642794,1004.2285495048187,-36.1482372459292,69.0,395,1571.6285326001962,-1,1,0
7,True,0,78405.20702124291,3383.2046285254214,28.9133703131429,1005.9853512321562,-32.43398921384351,86.0,396,504.2624078872177,3,0,0
7,True,0,80527.02197739705,3134.0242533465416,28.9133703131429,919.5119349382297,-32.293283513429216,86.0,397,2121.814956154136,3,0,0
7,True,0,81623.10789212969,3207.119247308604,28.9133703131429,1096.0859147326355,-32.656919877065576,86.0,398,1096.085914732641,3,0,0
7,True,0,82629.33399456127,3464.270366604037,28.9133703131429,1006.2261024315825,-33.020556240701936,86.0,399,1006.2261024315812,3,0,0
