sequence_name,sequence_path,pulse_index,tag,mapped_label,is_unknown,is_noise
exp5_mixed_train_002,D:\keyan\ai_research_workflow_base\13_paper_aligned_repro\datasets\pr_rpad_paper_aligned_v6\exp5\mixed\train\sequences\exp5_mixed_train_002.csv,21,4,2,0,0
exp5_mixed_train_050,D:\keyan\ai_research_workflow_base\13_paper_aligned_repro\datasets\pr_rpad_paper_aligned_v6\exp5\mixed\train\sequences\exp5_mixed_train_050.csv,302,4,2,0,0
exp5_mixed_train_103,D:\keyan\ai_research_workflow_base\13_paper_aligned_repro\datasets\pr_rpad_paper_aligned_v6\exp5\mixed\train\sequences\exp5_mixed_train_103.csv,189,4,2,0,0
exp5_mixed_train_121,D:\keyan\ai_research_workflow_base\13_paper_aligned_repro\datasets\pr_rpad_paper_aligned_v6\exp5\mixed\train\sequences\exp5_mixed_train_121.csv,71,5,3,0,0
exp5_mixed_train_084,D:\keyan\ai_research_workflow_base\13_paper_aligned_repro\datasets\pr_rpad_paper_aligned_v6\exp5\mixed\train\sequences\exp5_mixed_train_084.csv,114,4,2,0,0
exp5_mixed_train_045,D:\keyan\ai_research_workflow_base\13_paper_aligned_repro\datasets\pr_rpad_paper_aligned_v6\exp5\mixed\train\sequences\exp5_mixed_train_045.csv,236,5,3,0,0
exp5_mixed_train_113,D:\keyan\ai_research_workflow_base\13_paper_aligned_repro\datasets\pr_rpad_paper_aligned_v6\exp5\mixed\train\sequences\exp5_mixed_train_113.csv,286,4,2,0,0
exp5_mixed_train_136,D:\keyan\ai_research_workflow_base\13_paper_aligned_repro\datasets\pr_rpad_paper_aligned_v6\exp5\mixed\train\sequences\exp5_mixed_train_136.csv,363,1,1,0,0
exp5_mixed_train_148,D:\keyan\ai_research_workflow_base\13_paper_aligned_repro\datasets\pr_rpad_paper_aligned_v6\exp5\mixed\train\sequences\exp5_mixed_train_148.csv,285,0,0,0,1
exp5_mixed_train_126,D:\keyan\ai_research_workflow_base\13_paper_aligned_repro\datasets\pr_rpad_paper_aligned_v6\exp5\mixed\train\sequences\exp5_mixed_train_126.csv,173,5,3,0,0
exp5_mixed_train_033,D:\keyan\ai_research_workflow_base\13_paper_aligned_repro\datasets\pr_rpad_paper_aligned_v6\exp5\mixed\train\sequences\exp5_mixed_train_033.csv,80,5,3,0,0
exp5_mixed_train_012,D:\keyan\ai_research_workflow_base\13_paper_aligned_repro\datasets\pr_rpad_paper_aligned_v6\exp5\mixed\train\sequences\exp5_mixed_train_012.csv,130,5,3,0,0
exp5_mixed_train_082,D:\keyan\ai_research_workflow_base\13_paper_aligned_repro\datasets\pr_rpad_paper_aligned_v6\exp5\mixed\train\sequences\exp5_mixed_train_082.csv,373,0,0,0,1
exp5_mixed_train_041,D:\keyan\ai_research_workflow_base\13_paper_aligned_repro\datasets\pr_rpad_paper_aligned_v6\exp5\mixed\train\sequences\exp5_mixed_train_041.csv,154,4,2,0,0
exp5_mixed_train_114,D:\keyan\ai_research_workflow_base\13_paper_aligned_repro\datasets\pr_rpad_paper_aligned_v6\exp5\mixed\train\sequences\exp5_mixed_train_114.csv,346,0,0,0,1
exp5_mixed_train_147,D:\keyan\ai_research_workflow_base\13_paper_aligned_repro\datasets\pr_rpad_paper_aligned_v6\exp5\mixed\train\sequences\exp5_mixed_train_147.csv,338,0,0,0,1
exp5_mixed_train_039,D:\keyan\ai_research_workflow_base\13_paper_aligned_repro\datasets\pr_rpad_paper_aligned_v6\exp5\mixed\train\sequences\exp5_mixed_train_039.csv,319,4,2,0,0
exp5_mixed_train_046,D:\keyan\ai_research_workflow_base\13_paper_aligned_repro\datasets\pr_rpad_paper_aligned_v6\exp5\mixed\train\sequences\exp5_mixed_train_046.csv,99,5,3,0,0
exp5_mixed_train_087,D:\keyan\ai_research_workflow_base\13_paper_aligned_repro\datasets\pr_rpad_paper_aligned_v6\exp5\mixed\train\sequences\exp5_mixed_train_087.csv,29,4,2,0,0
exp5_mixed_train_021,D:\keyan\ai_research_workflow_base\13_paper_aligned_repro\datasets\pr_rpad_paper_aligned_v6\exp5\mixed\train\sequences\exp5_mixed_train_021.csv,256,5,3,0,0
exp5_mixed_train_144,D:\keyan\ai_research_workflow_base\13_paper_aligned_repro\datasets\pr_rpad_paper_aligned_v6\exp5\mixed\train\sequences\exp5_mixed_train_144.csv,390,0,0,0,1
exp5_mixed_train_072,D:\keyan\ai_research_workflow_base\13_paper_aligned_repro\datasets\pr_rpad_paper_aligned_v6\exp5\mixed\train\sequences\exp5_mixed_train_072.csv,287,0,0,0,1
exp5_mixed_train_085,D:\keyan\ai_research_workflow_base\13_paper_aligned_repro\datasets\pr_rpad_paper_aligned_v6\exp5\mixed\train\sequences\exp5_mixed_train_085.csv,241,5,3,0,0
exp5_mixed_train_053,D:\keyan\ai_research_workflow_base\13_paper_aligned_repro\datasets\pr_rpad_paper_aligned_v6\exp5\mixed\train\sequences\exp5_mixed_train_053.csv,374,0,0,0,1
exp5_mixed_train_098,D:\keyan\ai_research_workflow_base\13_paper_aligned_repro\datasets\pr_rpad_paper_aligned_v6\exp5\mixed\train\sequences\exp5_mixed_train_098.csv,180,4,2,0,0
exp5_mixed_train_043,D:\keyan\ai_research_workflow_base\13_paper_aligned_repro\datasets\pr_rpad_paper_aligned_v6\exp5\mixed\train\sequences\exp5_mixed_train_043.csv,40,5,3,0,0
exp5_mixed_train_138,D:\keyan\ai_research_workflow_base\13_paper_aligned_repro\datasets\pr_rpad_paper_aligned_v6\exp5\mixed\train\sequences\exp5_mixed_train_138.csv,338,4,2,0,0
exp5_mixed_train_116,D:\keyan\ai_research_workflow_base\13_paper_aligned_repro\datasets\pr_rpad_paper_aligned_v6\exp5\mixed\train\sequences\exp5_mixed_train_116.csv,235,4,2,0,0
exp5_mixed_train_148,D:\keyan\ai_research_workflow_base\13_paper_aligned_repro\datasets\pr_rpad_paper_aligned_v6\exp5\mixed\train\sequences\exp5_mixed_train_148.csv,61,5,3,0,0
exp5_mixed_train_079,D:\keyan\ai_research_workflow_base\13_paper_aligned_repro\datasets\pr_rpad_paper_aligned_v6\exp5\mixed\train\sequences\exp5_mixed_train_079.csv,79,5,3,0,0
exp5_mixed_train_098,D:\keyan\ai_research_workflow_base\13_paper_aligned_repro\datasets\pr_rpad_paper_aligned_v6\exp5\mixed\train\sequences\exp5_mixed_train_098.csv,41,0,0,0,1
exp5_mixed_train_011,D:\keyan\ai_research_workflow_base\13_paper_aligned_repro\datasets\pr_rpad_paper_aligned_v6\exp5\mixed\train\sequences\exp5_mixed_train_011.csv,394,1,1,0,0
exp5_mixed_train_044,D:\keyan\ai_research_workflow_base\13_paper_aligned_repro\datasets\pr_rpad_paper_aligned_v6\exp5\mixed\train\sequences\exp5_mixed_train_044.csv,75,1,1,0,0
exp5_mixed_train_110,D:\keyan\ai_research_workflow_base\13_paper_aligned_repro\datasets\pr_rpad_paper_aligned_v6\exp5\mixed\train\sequences\exp5_mixed_train_110.csv,193,4,2,0,0
exp5_mixed_train_112,D:\keyan\ai_research_workflow_base\13_paper_aligned_repro\datasets\pr_rpad_paper_aligned_v6\exp5\mixed\train\sequences\exp5_mixed_train_112.csv,195,5,3,0,0
exp5_mixed_train_079,D:\keyan\ai_research_workflow_base\13_paper_aligned_repro\datasets\pr_rpad_paper_aligned_v6\exp5\mixed\train\sequences\exp5_mixed_train_079.csv,368,1,1,0,0
exp5_mixed_train_078,D:\keyan\ai_research_workflow_base\13_paper_aligned_repro\datasets\pr_rpad_paper_aligned_v6\exp5\mixed\train\sequences\exp5_mixed_train_078.csv,78,5,3,0,0
exp5_mixed_train_048,D:\keyan\ai_research_workflow_base\13_paper_aligned_repro\datasets\pr_rpad_paper_aligned_v6\exp5\mixed\train\sequences\exp5_mixed_train_048.csv,3,5,3,0,0
exp5_mixed_train_132,D:\keyan\ai_research_workflow_base\13_paper_aligned_repro\datasets\pr_rpad_paper_aligned_v6\exp5\mixed\train\sequences\exp5_mixed_train_132.csv,144,4,2,0,0
exp5_mixed_train_156,D:\keyan\ai_research_workflow_base\13_paper_aligned_repro\datasets\pr_rpad_paper_aligned_v6\exp5\mixed\train\sequences\exp5_mixed_train_156.csv,270,4,2,0,0
exp5_mixed_train_158,D:\keyan\ai_research_workflow_base\13_paper_aligned_repro\datasets\pr_rpad_paper_aligned_v6\exp5\mixed\train\sequences\exp5_mixed_train_158.csv,242,5,3,0,0
exp5_mixed_train_068,D:\keyan\ai_research_workflow_base\13_paper_aligned_repro\datasets\pr_rpad_paper_aligned_v6\exp5\mixed\train\sequences\exp5_mixed_train_068.csv,392,1,1,0,0
exp5_mixed_train_084,D:\keyan\ai_research_workflow_base\13_paper_aligned_repro\datasets\pr_rpad_paper_aligned_v6\exp5\mixed\train\sequences\exp5_mixed_train_084.csv,47,1,1,0,0
exp5_mixed_train_103,D:\keyan\ai_research_workflow_base\13_paper_aligned_repro\datasets\pr_rpad_paper_aligned_v6\exp5\mixed\train\sequences\exp5_mixed_train_103.csv,14,0,0,0,1
exp5_mixed_train_014,D:\keyan\ai_research_workflow_base\13_paper_aligned_repro\datasets\pr_rpad_paper_aligned_v6\exp5\mixed\train\sequences\exp5_mixed_train_014.csv,238,1,1,0,0
exp5_mixed_train_151,D:\keyan\ai_research_workflow_base\13_paper_aligned_repro\datasets\pr_rpad_paper_aligned_v6\exp5\mixed\train\sequences\exp5_mixed_train_151.csv,263,0,0,0,1
exp5_mixed_train_042,D:\keyan\ai_research_workflow_base\13_paper_aligned_repro\datasets\pr_rpad_paper_aligned_v6\exp5\mixed\train\sequences\exp5_mixed_train_042.csv,369,0,0,0,1
exp5_mixed_train_124,D:\keyan\ai_research_workflow_base\13_paper_aligned_repro\datasets\pr_rpad_paper_aligned_v6\exp5\mixed\train\sequences\exp5_mixed_train_124.csv,254,4,2,0,0
exp5_mixed_train_088,D:\keyan\ai_research_workflow_base\13_paper_aligned_repro\datasets\pr_rpad_paper_aligned_v6\exp5\mixed\train\sequences\exp5_mixed_train_088.csv,86,5,3,0,0
exp5_mixed_train_025,D:\keyan\ai_research_workflow_base\13_paper_aligned_repro\datasets\pr_rpad_paper_aligned_v6\exp5\mixed\train\sequences\exp5_mixed_train_025.csv,42,4,2,0,0
exp5_mixed_train_085,D:\keyan\ai_research_workflow_base\13_paper_aligned_repro\datasets\pr_rpad_paper_aligned_v6\exp5\mixed\train\sequences\exp5_mixed_train_085.csv,129,5,3,0,0
exp5_mixed_train_140,D:\keyan\ai_research_workflow_base\13_paper_aligned_repro\datasets\pr_rpad_paper_aligned_v6\exp5\mixed\train\sequences\exp5_mixed_train_140.csv,167,0,0,0,1
exp5_mixed_train_035,D:\keyan\ai_research_workflow_base\13_paper_aligned_repro\datasets\pr_rpad_paper_aligned_v6\exp5\mixed\train\sequences\exp5_mixed_train_035.csv,126,1,1,0,0
exp5_mixed_train_003,D:\keyan\ai_research_workflow_base\13_paper_aligned_repro\datasets\pr_rpad_paper_aligned_v6\exp5\mixed\train\sequences\exp5_mixed_train_003.csv,331,1,1,0,0
exp5_mixed_train_129,D:\keyan\ai_research_workflow_base\13_paper_aligned_repro\datasets\pr_rpad_paper_aligned_v6\exp5\mixed\train\sequences\exp5_mixed_train_129.csv,362,0,0,0,1
exp5_mixed_train_131,D:\keyan\ai_research_workflow_base\13_paper_aligned_repro\datasets\pr_rpad_paper_aligned_v6\exp5\mixed\train\sequences\exp5_mixed_train_131.csv,207,0,0,0,1
exp5_mixed_train_083,D:\keyan\ai_research_workflow_base\13_paper_aligned_repro\datasets\pr_rpad_paper_aligned_v6\exp5\mixed\train\sequences\exp5_mixed_train_083.csv,213,4,2,0,0
exp5_mixed_train_140,D:\keyan\ai_research_workflow_base\13_paper_aligned_repro\datasets\pr_rpad_paper_aligned_v6\exp5\mixed\train\sequences\exp5_mixed_train_140.csv,1,5,3,0,0
exp5_mixed_train_126,D:\keyan\ai_research_workflow_base\13_paper_aligned_repro\datasets\pr_rpad_paper_aligned_v6\exp5\mixed\train\sequences\exp5_mixed_train_126.csv,11,4,2,0,0
exp5_mixed_train_110,D:\keyan\ai_research_workflow_base\13_paper_aligned_repro\datasets\pr_rpad_paper_aligned_v6\exp5\mixed\train\sequences\exp5_mixed_train_110.csv,328,0,0,0,1
exp5_mixed_train_119,D:\keyan\ai_research_workflow_base\13_paper_aligned_repro\datasets\pr_rpad_paper_aligned_v6\exp5\mixed\train\sequences\exp5_mixed_train_119.csv,288,4,2,0,0
exp5_mixed_train_001,D:\keyan\ai_research_workflow_base\13_paper_aligned_repro\datasets\pr_rpad_paper_aligned_v6\exp5\mixed\train\sequences\exp5_mixed_train_001.csv,35,5,3,0,0
exp5_mixed_train_002,D:\keyan\ai_research_workflow_base\13_paper_aligned_repro\datasets\pr_rpad_paper_aligned_v6\exp5\mixed\train\sequences\exp5_mixed_train_002.csv,311,0,0,0,1
exp5_mixed_train_120,D:\keyan\ai_research_workflow_base\13_paper_aligned_repro\datasets\pr_rpad_paper_aligned_v6\exp5\mixed\train\sequences\exp5_mixed_train_120.csv,193,4,2,0,0
exp5_mixed_train_087,D:\keyan\ai_research_workflow_base\13_paper_aligned_repro\datasets\pr_rpad_paper_aligned_v6\exp5\mixed\train\sequences\exp5_mixed_train_087.csv,290,0,0,0,1
exp5_mixed_train_091,D:\keyan\ai_research_workflow_base\13_paper_aligned_repro\datasets\pr_rpad_paper_aligned_v6\exp5\mixed\train\sequences\exp5_mixed_train_091.csv,20,1,1,0,0
exp5_mixed_train_107,D:\keyan\ai_research_workflow_base\13_paper_aligned_repro\datasets\pr_rpad_paper_aligned_v6\exp5\mixed\train\sequences\exp5_mixed_train_107.csv,60,5,3,0,0
exp5_mixed_train_010,D:\keyan\ai_research_workflow_base\13_paper_aligned_repro\datasets\pr_rpad_paper_aligned_v6\exp5\mixed\train\sequences\exp5_mixed_train_010.csv,385,1,1,0,0
exp5_mixed_train_133,D:\keyan\ai_research_workflow_base\13_paper_aligned_repro\datasets\pr_rpad_paper_aligned_v6\exp5\mixed\train\sequences\exp5_mixed_train_133.csv,55,5,3,0,0
exp5_mixed_train_098,D:\keyan\ai_research_workflow_base\13_paper_aligned_repro\datasets\pr_rpad_paper_aligned_v6\exp5\mixed\train\sequences\exp5_mixed_train_098.csv,129,1,1,0,0
exp5_mixed_train_055,D:\keyan\ai_research_workflow_base\13_paper_aligned_repro\datasets\pr_rpad_paper_aligned_v6\exp5\mixed\train\sequences\exp5_mixed_train_055.csv,56,4,2,0,0
exp5_mixed_train_077,D:\keyan\ai_research_workflow_base\13_paper_aligned_repro\datasets\pr_rpad_paper_aligned_v6\exp5\mixed\train\sequences\exp5_mixed_train_077.csv,166,1,1,0,0
exp5_mixed_train_087,D:\keyan\ai_research_workflow_base\13_paper_aligned_repro\datasets\pr_rpad_paper_aligned_v6\exp5\mixed\train\sequences\exp5_mixed_train_087.csv,127,4,2,0,0
exp5_mixed_train_075,D:\keyan\ai_research_workflow_base\13_paper_aligned_repro\datasets\pr_rpad_paper_aligned_v6\exp5\mixed\train\sequences\exp5_mixed_train_075.csv,326,1,1,0,0
exp5_mixed_train_055,D:\keyan\ai_research_workflow_base\13_paper_aligned_repro\datasets\pr_rpad_paper_aligned_v6\exp5\mixed\train\sequences\exp5_mixed_train_055.csv,392,1,1,0,0
exp5_mixed_train_014,D:\keyan\ai_research_workflow_base\13_paper_aligned_repro\datasets\pr_rpad_paper_aligned_v6\exp5\mixed\train\sequences\exp5_mixed_train_014.csv,257,4,2,0,0
exp5_mixed_train_045,D:\keyan\ai_research_workflow_base\13_paper_aligned_repro\datasets\pr_rpad_paper_aligned_v6\exp5\mixed\train\sequences\exp5_mixed_train_045.csv,37,5,3,0,0
exp5_mixed_train_078,D:\keyan\ai_research_workflow_base\13_paper_aligned_repro\datasets\pr_rpad_paper_aligned_v6\exp5\mixed\train\sequences\exp5_mixed_train_078.csv,132,5,3,0,0
exp5_mixed_train_126,D:\keyan\ai_research_workflow_base\13_paper_aligned_repro\datasets\pr_rpad_paper_aligned_v6\exp5\mixed\train\sequences\exp5_mixed_train_126.csv,134,1,1,0,0
exp5_mixed_train_040,D:\keyan\ai_research_workflow_base\13_paper_aligned_repro\datasets\pr_rpad_paper_aligned_v6\exp5\mixed\train\sequences\exp5_mixed_train_040.csv,189,5,3,0,0
exp5_mixed_train_121,D:\keyan\ai_research_workflow_base\13_paper_aligned_repro\datasets\pr_rpad_paper_aligned_v6\exp5\mixed\train\sequences\exp5_mixed_train_121.csv,14,0,0,0,1
exp5_mixed_train_046,D:\keyan\ai_research_workflow_base\13_paper_aligned_repro\datasets\pr_rpad_paper_aligned_v6\exp5\mixed\train\sequences\exp5_mixed_train_046.csv,357,4,2,0,0
exp5_mixed_train_150,D:\keyan\ai_research_workflow_base\13_paper_aligned_repro\datasets\pr_rpad_paper_aligned_v6\exp5\mixed\train\sequences\exp5_mixed_train_150.csv,165,1,1,0,0
exp5_mixed_train_075,D:\keyan\ai_research_workflow_base\13_paper_aligned_repro\datasets\pr_rpad_paper_aligned_v6\exp5\mixed\train\sequences\exp5_mixed_train_075.csv,369,1,1,0,0
exp5_mixed_train_136,D:\keyan\ai_research_workflow_base\13_paper_aligned_repro\datasets\pr_rpad_paper_aligned_v6\exp5\mixed\train\sequences\exp5_mixed_train_136.csv,15,1,1,0,0
exp5_mixed_train_109,D:\keyan\ai_research_workflow_base\13_paper_aligned_repro\datasets\pr_rpad_paper_aligned_v6\exp5\mixed\train\sequences\exp5_mixed_train_109.csv,398,1,1,0,0
exp5_mixed_train_090,D:\keyan\ai_research_workflow_base\13_paper_aligned_repro\datasets\pr_rpad_paper_aligned_v6\exp5\mixed\train\sequences\exp5_mixed_train_090.csv,86,5,3,0,0
exp5_mixed_train_093,D:\keyan\ai_research_workflow_base\13_paper_aligned_repro\datasets\pr_rpad_paper_aligned_v6\exp5\mixed\train\sequences\exp5_mixed_train_093.csv,249,5,3,0,0
exp5_mixed_train_068,D:\keyan\ai_research_workflow_base\13_paper_aligned_repro\datasets\pr_rpad_paper_aligned_v6\exp5\mixed\train\sequences\exp5_mixed_train_068.csv,129,5,3,0,0
exp5_mixed_train_046,D:\keyan\ai_research_workflow_base\13_paper_aligned_repro\datasets\pr_rpad_paper_aligned_v6\exp5\mixed\train\sequences\exp5_mixed_train_046.csv,105,4,2,0,0
exp5_mixed_train_071,D:\keyan\ai_research_workflow_base\13_paper_aligned_repro\datasets\pr_rpad_paper_aligned_v6\exp5\mixed\train\sequences\exp5_mixed_train_071.csv,17,0,0,0,1
exp5_mixed_train_076,D:\keyan\ai_research_workflow_base\13_paper_aligned_repro\datasets\pr_rpad_paper_aligned_v6\exp5\mixed\train\sequences\exp5_mixed_train_076.csv,92,0,0,0,1
exp5_mixed_train_055,D:\keyan\ai_research_workflow_base\13_paper_aligned_repro\datasets\pr_rpad_paper_aligned_v6\exp5\mixed\train\sequences\exp5_mixed_train_055.csv,28,0,0,0,1
exp5_mixed_train_095,D:\keyan\ai_research_workflow_base\13_paper_aligned_repro\datasets\pr_rpad_paper_aligned_v6\exp5\mixed\train\sequences\exp5_mixed_train_095.csv,371,1,1,0,0
exp5_mixed_train_088,D:\keyan\ai_research_workflow_base\13_paper_aligned_repro\datasets\pr_rpad_paper_aligned_v6\exp5\mixed\train\sequences\exp5_mixed_train_088.csv,80,5,3,0,0
exp5_mixed_train_137,D:\keyan\ai_research_workflow_base\13_paper_aligned_repro\datasets\pr_rpad_paper_aligned_v6\exp5\mixed\train\sequences\exp5_mixed_train_137.csv,86,5,3,0,0
exp5_mixed_train_124,D:\keyan\ai_research_workflow_base\13_paper_aligned_repro\datasets\pr_rpad_paper_aligned_v6\exp5\mixed\train\sequences\exp5_mixed_train_124.csv,50,5,3,0,0
exp5_mixed_train_046,D:\keyan\ai_research_workflow_base\13_paper_aligned_repro\datasets\pr_rpad_paper_aligned_v6\exp5\mixed\train\sequences\exp5_mixed_train_046.csv,233,5,3,0,0
exp5_mixed_train_015,D:\keyan\ai_research_workflow_base\13_paper_aligned_repro\datasets\pr_rpad_paper_aligned_v6\exp5\mixed\train\sequences\exp5_mixed_train_015.csv,238,5,3,0,0
exp5_mixed_train_120,D:\keyan\ai_research_workflow_base\13_paper_aligned_repro\datasets\pr_rpad_paper_aligned_v6\exp5\mixed\train\sequences\exp5_mixed_train_120.csv,301,4,2,0,0
exp5_mixed_train_121,D:\keyan\ai_research_workflow_base\13_paper_aligned_repro\datasets\pr_rpad_paper_aligned_v6\exp5\mixed\train\sequences\exp5_mixed_train_121.csv,299,1,1,0,0
exp5_mixed_train_000,D:\keyan\ai_research_workflow_base\13_paper_aligned_repro\datasets\pr_rpad_paper_aligned_v6\exp5\mixed\train\sequences\exp5_mixed_train_000.csv,291,0,0,0,1
exp5_mixed_train_003,D:\keyan\ai_research_workflow_base\13_paper_aligned_repro\datasets\pr_rpad_paper_aligned_v6\exp5\mixed\train\sequences\exp5_mixed_train_003.csv,372,0,0,0,1
exp5_mixed_train_140,D:\keyan\ai_research_workflow_base\13_paper_aligned_repro\datasets\pr_rpad_paper_aligned_v6\exp5\mixed\train\sequences\exp5_mixed_train_140.csv,50,5,3,0,0
exp5_mixed_train_058,D:\keyan\ai_research_workflow_base\13_paper_aligned_repro\datasets\pr_rpad_paper_aligned_v6\exp5\mixed\train\sequences\exp5_mixed_train_058.csv,273,0,0,0,1
exp5_mixed_train_009,D:\keyan\ai_research_workflow_base\13_paper_aligned_repro\datasets\pr_rpad_paper_aligned_v6\exp5\mixed\train\sequences\exp5_mixed_train_009.csv,240,1,1,0,0
exp5_mixed_train_106,D:\keyan\ai_research_workflow_base\13_paper_aligned_repro\datasets\pr_rpad_paper_aligned_v6\exp5\mixed\train\sequences\exp5_mixed_train_106.csv,118,0,0,0,1
exp5_mixed_train_145,D:\keyan\ai_research_workflow_base\13_paper_aligned_repro\datasets\pr_rpad_paper_aligned_v6\exp5\mixed\train\sequences\exp5_mixed_train_145.csv,11,4,2,0,0
exp5_mixed_train_060,D:\keyan\ai_research_workflow_base\13_paper_aligned_repro\datasets\pr_rpad_paper_aligned_v6\exp5\mixed\train\sequences\exp5_mixed_train_060.csv,213,0,0,0,1
exp5_mixed_train_056,D:\keyan\ai_research_workflow_base\13_paper_aligned_repro\datasets\pr_rpad_paper_aligned_v6\exp5\mixed\train\sequences\exp5_mixed_train_056.csv,103,5,3,0,0
exp5_mixed_train_094,D:\keyan\ai_research_workflow_base\13_paper_aligned_repro\datasets\pr_rpad_paper_aligned_v6\exp5\mixed\train\sequences\exp5_mixed_train_094.csv,349,4,2,0,0
exp5_mixed_train_103,D:\keyan\ai_research_workflow_base\13_paper_aligned_repro\datasets\pr_rpad_paper_aligned_v6\exp5\mixed\train\sequences\exp5_mixed_train_103.csv,267,4,2,0,0
exp5_mixed_train_148,D:\keyan\ai_research_workflow_base\13_paper_aligned_repro\datasets\pr_rpad_paper_aligned_v6\exp5\mixed\train\sequences\exp5_mixed_train_148.csv,367,0,0,0,1
exp5_mixed_train_124,D:\keyan\ai_research_workflow_base\13_paper_aligned_repro\datasets\pr_rpad_paper_aligned_v6\exp5\mixed\train\sequences\exp5_mixed_train_124.csv,260,5,3,0,0
exp5_mixed_train_064,D:\keyan\ai_research_workflow_base\13_paper_aligned_repro\datasets\pr_rpad_paper_aligned_v6\exp5\mixed\train\sequences\exp5_mixed_train_064.csv,106,4,2,0,0
exp5_mixed_train_060,D:\keyan\ai_research_workflow_base\13_paper_aligned_repro\datasets\pr_rpad_paper_aligned_v6\exp5\mixed\train\sequences\exp5_mixed_train_060.csv,170,4,2,0,0
exp5_mixed_train_114,D:\keyan\ai_research_workflow_base\13_paper_aligned_repro\datasets\pr_rpad_paper_aligned_v6\exp5\mixed\train\sequences\exp5_mixed_train_114.csv,66,1,1,0,0
exp5_mixed_train_098,D:\keyan\ai_research_workflow_base\13_paper_aligned_repro\datasets\pr_rpad_paper_aligned_v6\exp5\mixed\train\sequences\exp5_mixed_train_098.csv,375,0,0,0,1
exp5_mixed_train_015,D:\keyan\ai_research_workflow_base\13_paper_aligned_repro\datasets\pr_rpad_paper_aligned_v6\exp5\mixed\train\sequences\exp5_mixed_train_015.csv,331,4,2,0,0
exp5_mixed_train_088,D:\keyan\ai_research_workflow_base\13_paper_aligned_repro\datasets\pr_rpad_paper_aligned_v6\exp5\mixed\train\sequences\exp5_mixed_train_088.csv,333,4,2,0,0
exp5_mixed_train_065,D:\keyan\ai_research_workflow_base\13_paper_aligned_repro\datasets\pr_rpad_paper_aligned_v6\exp5\mixed\train\sequences\exp5_mixed_train_065.csv,383,0,0,0,1
exp5_mixed_train_153,D:\keyan\ai_research_workflow_base\13_paper_aligned_repro\datasets\pr_rpad_paper_aligned_v6\exp5\mixed\train\sequences\exp5_mixed_train_153.csv,74,5,3,0,0
exp5_mixed_train_016,D:\keyan\ai_research_workflow_base\13_paper_aligned_repro\datasets\pr_rpad_paper_aligned_v6\exp5\mixed\train\sequences\exp5_mixed_train_016.csv,5,5,3,0,0
exp5_mixed_train_099,D:\keyan\ai_research_workflow_base\13_paper_aligned_repro\datasets\pr_rpad_paper_aligned_v6\exp5\mixed\train\sequences\exp5_mixed_train_099.csv,138,0,0,0,1
exp5_mixed_train_093,D:\keyan\ai_research_workflow_base\13_paper_aligned_repro\datasets\pr_rpad_paper_aligned_v6\exp5\mixed\train\sequences\exp5_mixed_train_093.csv,42,1,1,0,0
exp5_mixed_train_060,D:\keyan\ai_research_workflow_base\13_paper_aligned_repro\datasets\pr_rpad_paper_aligned_v6\exp5\mixed\train\sequences\exp5_mixed_train_060.csv,190,1,1,0,0
exp5_mixed_train_031,D:\keyan\ai_research_workflow_base\13_paper_aligned_repro\datasets\pr_rpad_paper_aligned_v6\exp5\mixed\train\sequences\exp5_mixed_train_031.csv,260,0,0,0,1
exp5_mixed_train_142,D:\keyan\ai_research_workflow_base\13_paper_aligned_repro\datasets\pr_rpad_paper_aligned_v6\exp5\mixed\train\sequences\exp5_mixed_train_142.csv,70,5,3,0,0
exp5_mixed_train_053,D:\keyan\ai_research_workflow_base\13_paper_aligned_repro\datasets\pr_rpad_paper_aligned_v6\exp5\mixed\train\sequences\exp5_mixed_train_053.csv,281,4,2,0,0
exp5_mixed_train_153,D:\keyan\ai_research_workflow_base\13_paper_aligned_repro\datasets\pr_rpad_paper_aligned_v6\exp5\mixed\train\sequences\exp5_mixed_train_153.csv,285,0,0,0,1
exp5_mixed_train_106,D:\keyan\ai_research_workflow_base\13_paper_aligned_repro\datasets\pr_rpad_paper_aligned_v6\exp5\mixed\train\sequences\exp5_mixed_train_106.csv,1,5,3,0,0
exp5_mixed_train_136,D:\keyan\ai_research_workflow_base\13_paper_aligned_repro\datasets\pr_rpad_paper_aligned_v6\exp5\mixed\train\sequences\exp5_mixed_train_136.csv,106,4,2,0,0
exp5_mixed_train_157,D:\keyan\ai_research_workflow_base\13_paper_aligned_repro\datasets\pr_rpad_paper_aligned_v6\exp5\mixed\train\sequences\exp5_mixed_train_157.csv,46,0,0,0,1
exp5_mixed_train_072,D:\keyan\ai_research_workflow_base\13_paper_aligned_repro\datasets\pr_rpad_paper_aligned_v6\exp5\mixed\train\sequences\exp5_mixed_train_072.csv,155,5,3,0,0
exp5_mixed_train_068,D:\keyan\ai_research_workflow_base\13_paper_aligned_repro\datasets\pr_rpad_paper_aligned_v6\exp5\mixed\train\sequences\exp5_mixed_train_068.csv,32,5,3,0,0
exp5_mixed_train_000,D:\keyan\ai_research_workflow_base\13_paper_aligned_repro\datasets\pr_rpad_paper_aligned_v6\exp5\mixed\train\sequences\exp5_mixed_train_000.csv,190,0,0,0,1
exp5_mixed_train_056,D:\keyan\ai_research_workflow_base\13_paper_aligned_repro\datasets\pr_rpad_paper_aligned_v6\exp5\mixed\train\sequences\exp5_mixed_train_056.csv,217,5,3,0,0
exp5_mixed_train_021,D:\keyan\ai_research_workflow_base\13_paper_aligned_repro\datasets\pr_rpad_paper_aligned_v6\exp5\mixed\train\sequences\exp5_mixed_train_021.csv,145,0,0,0,1
exp5_mixed_train_004,D:\keyan\ai_research_workflow_base\13_paper_aligned_repro\datasets\pr_rpad_paper_aligned_v6\exp5\mixed\train\sequences\exp5_mixed_train_004.csv,61,5,3,0,0
exp5_mixed_train_062,D:\keyan\ai_research_workflow_base\13_paper_aligned_repro\datasets\pr_rpad_paper_aligned_v6\exp5\mixed\train\sequences\exp5_mixed_train_062.csv,220,4,2,0,0
exp5_mixed_train_129,D:\keyan\ai_research_workflow_base\13_paper_aligned_repro\datasets\pr_rpad_paper_aligned_v6\exp5\mixed\train\sequences\exp5_mixed_train_129.csv,223,5,3,0,0
exp5_mixed_train_126,D:\keyan\ai_research_workflow_base\13_paper_aligned_repro\datasets\pr_rpad_paper_aligned_v6\exp5\mixed\train\sequences\exp5_mixed_train_126.csv,337,4,2,0,0
exp5_mixed_train_134,D:\keyan\ai_research_workflow_base\13_paper_aligned_repro\datasets\pr_rpad_paper_aligned_v6\exp5\mixed\train\sequences\exp5_mixed_train_134.csv,166,1,1,0,0
exp5_mixed_train_094,D:\keyan\ai_research_workflow_base\13_paper_aligned_repro\datasets\pr_rpad_paper_aligned_v6\exp5\mixed\train\sequences\exp5_mixed_train_094.csv,276,1,1,0,0
exp5_mixed_train_144,D:\keyan\ai_research_workflow_base\13_paper_aligned_repro\datasets\pr_rpad_paper_aligned_v6\exp5\mixed\train\sequences\exp5_mixed_train_144.csv,43,5,3,0,0
exp5_mixed_train_008,D:\keyan\ai_research_workflow_base\13_paper_aligned_repro\datasets\pr_rpad_paper_aligned_v6\exp5\mixed\train\sequences\exp5_mixed_train_008.csv,290,0,0,0,1
exp5_mixed_train_025,D:\keyan\ai_research_workflow_base\13_paper_aligned_repro\datasets\pr_rpad_paper_aligned_v6\exp5\mixed\train\sequences\exp5_mixed_train_025.csv,308,0,0,0,1
exp5_mixed_train_025,D:\keyan\ai_research_workflow_base\13_paper_aligned_repro\datasets\pr_rpad_paper_aligned_v6\exp5\mixed\train\sequences\exp5_mixed_train_025.csv,337,1,1,0,0
exp5_mixed_train_135,D:\keyan\ai_research_workflow_base\13_paper_aligned_repro\datasets\pr_rpad_paper_aligned_v6\exp5\mixed\train\sequences\exp5_mixed_train_135.csv,5,5,3,0,0
exp5_mixed_train_116,D:\keyan\ai_research_workflow_base\13_paper_aligned_repro\datasets\pr_rpad_paper_aligned_v6\exp5\mixed\train\sequences\exp5_mixed_train_116.csv,190,5,3,0,0
exp5_mixed_train_123,D:\keyan\ai_research_workflow_base\13_paper_aligned_repro\datasets\pr_rpad_paper_aligned_v6\exp5\mixed\train\sequences\exp5_mixed_train_123.csv,313,0,0,0,1
exp5_mixed_train_115,D:\keyan\ai_research_workflow_base\13_paper_aligned_repro\datasets\pr_rpad_paper_aligned_v6\exp5\mixed\train\sequences\exp5_mixed_train_115.csv,199,0,0,0,1
exp5_mixed_train_048,D:\keyan\ai_research_workflow_base\13_paper_aligned_repro\datasets\pr_rpad_paper_aligned_v6\exp5\mixed\train\sequences\exp5_mixed_train_048.csv,103,4,2,0,0
exp5_mixed_train_041,D:\keyan\ai_research_workflow_base\13_paper_aligned_repro\datasets\pr_rpad_paper_aligned_v6\exp5\mixed\train\sequences\exp5_mixed_train_041.csv,137,0,0,0,1
exp5_mixed_train_145,D:\keyan\ai_research_workflow_base\13_paper_aligned_repro\datasets\pr_rpad_paper_aligned_v6\exp5\mixed\train\sequences\exp5_mixed_train_145.csv,0,0,0,0,1
exp5_mixed_train_065,D:\keyan\ai_research_workflow_base\13_paper_aligned_repro\datasets\pr_rpad_paper_aligned_v6\exp5\mixed\train\sequences\exp5_mixed_train_065.csv,186,5,3,0,0
exp5_mixed_train_128,D:\keyan\ai_research_workflow_base\13_paper_aligned_repro\datasets\pr_rpad_paper_aligned_v6\exp5\mixed\train\sequences\exp5_mixed_train_128.csv,321,4,2,0,0
exp5_mixed_train_014,D:\keyan\ai_research_workflow_base\13_paper_aligned_repro\datasets\pr_rpad_paper_aligned_v6\exp5\mixed\train\sequences\exp5_mixed_train_014.csv,378,1,1,0,0
exp5_mixed_train_050,D:\keyan\ai_research_workflow_base\13_paper_aligned_repro\datasets\pr_rpad_paper_aligned_v6\exp5\mixed\train\sequences\exp5_mixed_train_050.csv,21,5,3,0,0
exp5_mixed_train_053,D:\keyan\ai_research_workflow_base\13_paper_aligned_repro\datasets\pr_rpad_paper_aligned_v6\exp5\mixed\train\sequences\exp5_mixed_train_053.csv,17,0,0,0,1
exp5_mixed_train_003,D:\keyan\ai_research_workflow_base\13_paper_aligned_repro\datasets\pr_rpad_paper_aligned_v6\exp5\mixed\train\sequences\exp5_mixed_train_003.csv,130,4,2,0,0
exp5_mixed_train_045,D:\keyan\ai_research_workflow_base\13_paper_aligned_repro\datasets\pr_rpad_paper_aligned_v6\exp5\mixed\train\sequences\exp5_mixed_train_045.csv,110,4,2,0,0
exp5_mixed_train_068,D:\keyan\ai_research_workflow_base\13_paper_aligned_repro\datasets\pr_rpad_paper_aligned_v6\exp5\mixed\train\sequences\exp5_mixed_train_068.csv,52,4,2,0,0
exp5_mixed_train_063,D:\keyan\ai_research_workflow_base\13_paper_aligned_repro\datasets\pr_rpad_paper_aligned_v6\exp5\mixed\train\sequences\exp5_mixed_train_063.csv,314,0,0,0,1
exp5_mixed_train_035,D:\keyan\ai_research_workflow_base\13_paper_aligned_repro\datasets\pr_rpad_paper_aligned_v6\exp5\mixed\train\sequences\exp5_mixed_train_035.csv,31,0,0,0,1
exp5_mixed_train_068,D:\keyan\ai_research_workflow_base\13_paper_aligned_repro\datasets\pr_rpad_paper_aligned_v6\exp5\mixed\train\sequences\exp5_mixed_train_068.csv,79,5,3,0,0
exp5_mixed_train_074,D:\keyan\ai_research_workflow_base\13_paper_aligned_repro\datasets\pr_rpad_paper_aligned_v6\exp5\mixed\train\sequences\exp5_mixed_train_074.csv,319,4,2,0,0
exp5_mixed_train_129,D:\keyan\ai_research_workflow_base\13_paper_aligned_repro\datasets\pr_rpad_paper_aligned_v6\exp5\mixed\train\sequences\exp5_mixed_train_129.csv,240,5,3,0,0
exp5_mixed_train_014,D:\keyan\ai_research_workflow_base\13_paper_aligned_repro\datasets\pr_rpad_paper_aligned_v6\exp5\mixed\train\sequences\exp5_mixed_train_014.csv,194,1,1,0,0
exp5_mixed_train_023,D:\keyan\ai_research_workflow_base\13_paper_aligned_repro\datasets\pr_rpad_paper_aligned_v6\exp5\mixed\train\sequences\exp5_mixed_train_023.csv,50,0,0,0,1
exp5_mixed_train_081,D:\keyan\ai_research_workflow_base\13_paper_aligned_repro\datasets\pr_rpad_paper_aligned_v6\exp5\mixed\train\sequences\exp5_mixed_train_081.csv,349,1,1,0,0
exp5_mixed_train_032,D:\keyan\ai_research_workflow_base\13_paper_aligned_repro\datasets\pr_rpad_paper_aligned_v6\exp5\mixed\train\sequences\exp5_mixed_train_032.csv,338,4,2,0,0
exp5_mixed_train_121,D:\keyan\ai_research_workflow_base\13_paper_aligned_repro\datasets\pr_rpad_paper_aligned_v6\exp5\mixed\train\sequences\exp5_mixed_train_121.csv,303,0,0,0,1
exp5_mixed_train_042,D:\keyan\ai_research_workflow_base\13_paper_aligned_repro\datasets\pr_rpad_paper_aligned_v6\exp5\mixed\train\sequences\exp5_mixed_train_042.csv,185,1,1,0,0
exp5_mixed_train_059,D:\keyan\ai_research_workflow_base\13_paper_aligned_repro\datasets\pr_rpad_paper_aligned_v6\exp5\mixed\train\sequences\exp5_mixed_train_059.csv,44,1,1,0,0
exp5_mixed_train_069,D:\keyan\ai_research_workflow_base\13_paper_aligned_repro\datasets\pr_rpad_paper_aligned_v6\exp5\mixed\train\sequences\exp5_mixed_train_069.csv,310,0,0,0,1
exp5_mixed_train_023,D:\keyan\ai_research_workflow_base\13_paper_aligned_repro\datasets\pr_rpad_paper_aligned_v6\exp5\mixed\train\sequences\exp5_mixed_train_023.csv,283,0,0,0,1
exp5_mixed_train_034,D:\keyan\ai_research_workflow_base\13_paper_aligned_repro\datasets\pr_rpad_paper_aligned_v6\exp5\mixed\train\sequences\exp5_mixed_train_034.csv,217,4,2,0,0
exp5_mixed_train_074,D:\keyan\ai_research_workflow_base\13_paper_aligned_repro\datasets\pr_rpad_paper_aligned_v6\exp5\mixed\train\sequences\exp5_mixed_train_074.csv,232,4,2,0,0
exp5_mixed_train_006,D:\keyan\ai_research_workflow_base\13_paper_aligned_repro\datasets\pr_rpad_paper_aligned_v6\exp5\mixed\train\sequences\exp5_mixed_train_006.csv,88,0,0,0,1
exp5_mixed_train_067,D:\keyan\ai_research_workflow_base\13_paper_aligned_repro\datasets\pr_rpad_paper_aligned_v6\exp5\mixed\train\sequences\exp5_mixed_train_067.csv,388,0,0,0,1
exp5_mixed_train_032,D:\keyan\ai_research_workflow_base\13_paper_aligned_repro\datasets\pr_rpad_paper_aligned_v6\exp5\mixed\train\sequences\exp5_mixed_train_032.csv,278,1,1,0,0
exp5_mixed_train_006,D:\keyan\ai_research_workflow_base\13_paper_aligned_repro\datasets\pr_rpad_paper_aligned_v6\exp5\mixed\train\sequences\exp5_mixed_train_006.csv,29,1,1,0,0
exp5_mixed_train_138,D:\keyan\ai_research_workflow_base\13_paper_aligned_repro\datasets\pr_rpad_paper_aligned_v6\exp5\mixed\train\sequences\exp5_mixed_train_138.csv,290,0,0,0,1
exp5_mixed_train_083,D:\keyan\ai_research_workflow_base\13_paper_aligned_repro\datasets\pr_rpad_paper_aligned_v6\exp5\mixed\train\sequences\exp5_mixed_train_083.csv,362,0,0,0,1
exp5_mixed_train_130,D:\keyan\ai_research_workflow_base\13_paper_aligned_repro\datasets\pr_rpad_paper_aligned_v6\exp5\mixed\train\sequences\exp5_mixed_train_130.csv,382,0,0,0,1
exp5_mixed_train_152,D:\keyan\ai_research_workflow_base\13_paper_aligned_repro\datasets\pr_rpad_paper_aligned_v6\exp5\mixed\train\sequences\exp5_mixed_train_152.csv,76,5,3,0,0
exp5_mixed_train_126,D:\keyan\ai_research_workflow_base\13_paper_aligned_repro\datasets\pr_rpad_paper_aligned_v6\exp5\mixed\train\sequences\exp5_mixed_train_126.csv,319,1,1,0,0
exp5_mixed_train_046,D:\keyan\ai_research_workflow_base\13_paper_aligned_repro\datasets\pr_rpad_paper_aligned_v6\exp5\mixed\train\sequences\exp5_mixed_train_046.csv,208,4,2,0,0
exp5_mixed_train_085,D:\keyan\ai_research_workflow_base\13_paper_aligned_repro\datasets\pr_rpad_paper_aligned_v6\exp5\mixed\train\sequences\exp5_mixed_train_085.csv,337,1,1,0,0
exp5_mixed_train_107,D:\keyan\ai_research_workflow_base\13_paper_aligned_repro\datasets\pr_rpad_paper_aligned_v6\exp5\mixed\train\sequences\exp5_mixed_train_107.csv,349,4,2,0,0
exp5_mixed_train_002,D:\keyan\ai_research_workflow_base\13_paper_aligned_repro\datasets\pr_rpad_paper_aligned_v6\exp5\mixed\train\sequences\exp5_mixed_train_002.csv,142,1,1,0,0
exp5_mixed_train_009,D:\keyan\ai_research_workflow_base\13_paper_aligned_repro\datasets\pr_rpad_paper_aligned_v6\exp5\mixed\train\sequences\exp5_mixed_train_009.csv,378,1,1,0,0
exp5_mixed_train_035,D:\keyan\ai_research_workflow_base\13_paper_aligned_repro\datasets\pr_rpad_paper_aligned_v6\exp5\mixed\train\sequences\exp5_mixed_train_035.csv,199,5,3,0,0
exp5_mixed_train_121,D:\keyan\ai_research_workflow_base\13_paper_aligned_repro\datasets\pr_rpad_paper_aligned_v6\exp5\mixed\train\sequences\exp5_mixed_train_121.csv,329,0,0,0,1
exp5_mixed_train_058,D:\keyan\ai_research_workflow_base\13_paper_aligned_repro\datasets\pr_rpad_paper_aligned_v6\exp5\mixed\train\sequences\exp5_mixed_train_058.csv,352,4,2,0,0
exp5_mixed_train_006,D:\keyan\ai_research_workflow_base\13_paper_aligned_repro\datasets\pr_rpad_paper_aligned_v6\exp5\mixed\train\sequences\exp5_mixed_train_006.csv,218,5,3,0,0
exp5_mixed_train_036,D:\keyan\ai_research_workflow_base\13_paper_aligned_repro\datasets\pr_rpad_paper_aligned_v6\exp5\mixed\train\sequences\exp5_mixed_train_036.csv,271,5,3,0,0
exp5_mixed_train_079,D:\keyan\ai_research_workflow_base\13_paper_aligned_repro\datasets\pr_rpad_paper_aligned_v6\exp5\mixed\train\sequences\exp5_mixed_train_079.csv,184,0,0,0,1
exp5_mixed_train_048,D:\keyan\ai_research_workflow_base\13_paper_aligned_repro\datasets\pr_rpad_paper_aligned_v6\exp5\mixed\train\sequences\exp5_mixed_train_048.csv,288,1,1,0,0
exp5_mixed_train_155,D:\keyan\ai_research_workflow_base\13_paper_aligned_repro\datasets\pr_rpad_paper_aligned_v6\exp5\mixed\train\sequences\exp5_mixed_train_155.csv,381,1,1,0,0
exp5_mixed_train_068,D:\keyan\ai_research_workflow_base\13_paper_aligned_repro\datasets\pr_rpad_paper_aligned_v6\exp5\mixed\train\sequences\exp5_mixed_train_068.csv,83,4,2,0,0
exp5_mixed_train_024,D:\keyan\ai_research_workflow_base\13_paper_aligned_repro\datasets\pr_rpad_paper_aligned_v6\exp5\mixed\train\sequences\exp5_mixed_train_024.csv,219,1,1,0,0
exp5_mixed_train_144,D:\keyan\ai_research_workflow_base\13_paper_aligned_repro\datasets\pr_rpad_paper_aligned_v6\exp5\mixed\train\sequences\exp5_mixed_train_144.csv,398,0,0,0,1
exp5_mixed_train_021,D:\keyan\ai_research_workflow_base\13_paper_aligned_repro\datasets\pr_rpad_paper_aligned_v6\exp5\mixed\train\sequences\exp5_mixed_train_021.csv,393,1,1,0,0
exp5_mixed_train_128,D:\keyan\ai_research_workflow_base\13_paper_aligned_repro\datasets\pr_rpad_paper_aligned_v6\exp5\mixed\train\sequences\exp5_mixed_train_128.csv,245,0,0,0,1
exp5_mixed_train_103,D:\keyan\ai_research_workflow_base\13_paper_aligned_repro\datasets\pr_rpad_paper_aligned_v6\exp5\mixed\train\sequences\exp5_mixed_train_103.csv,134,5,3,0,0
exp5_mixed_train_129,D:\keyan\ai_research_workflow_base\13_paper_aligned_repro\datasets\pr_rpad_paper_aligned_v6\exp5\mixed\train\sequences\exp5_mixed_train_129.csv,218,5,3,0,0
exp5_mixed_train_151,D:\keyan\ai_research_workflow_base\13_paper_aligned_repro\datasets\pr_rpad_paper_aligned_v6\exp5\mixed\train\sequences\exp5_mixed_train_151.csv,12,5,3,0,0
exp5_mixed_train_097,D:\keyan\ai_research_workflow_base\13_paper_aligned_repro\datasets\pr_rpad_paper_aligned_v6\exp5\mixed\train\sequences\exp5_mixed_train_097.csv,289,4,2,0,0
exp5_mixed_train_139,D:\keyan\ai_research_workflow_base\13_paper_aligned_repro\datasets\pr_rpad_paper_aligned_v6\exp5\mixed\train\sequences\exp5_mixed_train_139.csv,336,0,0,0,1
exp5_mixed_train_154,D:\keyan\ai_research_workflow_base\13_paper_aligned_repro\datasets\pr_rpad_paper_aligned_v6\exp5\mixed\train\sequences\exp5_mixed_train_154.csv,89,1,1,0,0
exp5_mixed_train_007,D:\keyan\ai_research_workflow_base\13_paper_aligned_repro\datasets\pr_rpad_paper_aligned_v6\exp5\mixed\train\sequences\exp5_mixed_train_007.csv,293,0,0,0,1
exp5_mixed_train_107,D:\keyan\ai_research_workflow_base\13_paper_aligned_repro\datasets\pr_rpad_paper_aligned_v6\exp5\mixed\train\sequences\exp5_mixed_train_107.csv,342,0,0,0,1
exp5_mixed_train_013,D:\keyan\ai_research_workflow_base\13_paper_aligned_repro\datasets\pr_rpad_paper_aligned_v6\exp5\mixed\train\sequences\exp5_mixed_train_013.csv,119,1,1,0,0
exp5_mixed_train_055,D:\keyan\ai_research_workflow_base\13_paper_aligned_repro\datasets\pr_rpad_paper_aligned_v6\exp5\mixed\train\sequences\exp5_mixed_train_055.csv,152,4,2,0,0
exp5_mixed_train_038,D:\keyan\ai_research_workflow_base\13_paper_aligned_repro\datasets\pr_rpad_paper_aligned_v6\exp5\mixed\train\sequences\exp5_mixed_train_038.csv,57,4,2,0,0
exp5_mixed_train_079,D:\keyan\ai_research_workflow_base\13_paper_aligned_repro\datasets\pr_rpad_paper_aligned_v6\exp5\mixed\train\sequences\exp5_mixed_train_079.csv,352,1,1,0,0
exp5_mixed_train_112,D:\keyan\ai_research_workflow_base\13_paper_aligned_repro\datasets\pr_rpad_paper_aligned_v6\exp5\mixed\train\sequences\exp5_mixed_train_112.csv,197,5,3,0,0
exp5_mixed_train_033,D:\keyan\ai_research_workflow_base\13_paper_aligned_repro\datasets\pr_rpad_paper_aligned_v6\exp5\mixed\train\sequences\exp5_mixed_train_033.csv,224,1,1,0,0
exp5_mixed_train_041,D:\keyan\ai_research_workflow_base\13_paper_aligned_repro\datasets\pr_rpad_paper_aligned_v6\exp5\mixed\train\sequences\exp5_mixed_train_041.csv,266,4,2,0,0
exp5_mixed_train_138,D:\keyan\ai_research_workflow_base\13_paper_aligned_repro\datasets\pr_rpad_paper_aligned_v6\exp5\mixed\train\sequences\exp5_mixed_train_138.csv,249,0,0,0,1
exp5_mixed_train_122,D:\keyan\ai_research_workflow_base\13_paper_aligned_repro\datasets\pr_rpad_paper_aligned_v6\exp5\mixed\train\sequences\exp5_mixed_train_122.csv,227,5,3,0,0
exp5_mixed_train_135,D:\keyan\ai_research_workflow_base\13_paper_aligned_repro\datasets\pr_rpad_paper_aligned_v6\exp5\mixed\train\sequences\exp5_mixed_train_135.csv,123,1,1,0,0
exp5_mixed_train_136,D:\keyan\ai_research_workflow_base\13_paper_aligned_repro\datasets\pr_rpad_paper_aligned_v6\exp5\mixed\train\sequences\exp5_mixed_train_136.csv,362,1,1,0,0
exp5_mixed_train_069,D:\keyan\ai_research_workflow_base\13_paper_aligned_repro\datasets\pr_rpad_paper_aligned_v6\exp5\mixed\train\sequences\exp5_mixed_train_069.csv,93,0,0,0,1
exp5_mixed_train_111,D:\keyan\ai_research_workflow_base\13_paper_aligned_repro\datasets\pr_rpad_paper_aligned_v6\exp5\mixed\train\sequences\exp5_mixed_train_111.csv,280,0,0,0,1
exp5_mixed_train_040,D:\keyan\ai_research_workflow_base\13_paper_aligned_repro\datasets\pr_rpad_paper_aligned_v6\exp5\mixed\train\sequences\exp5_mixed_train_040.csv,129,5,3,0,0
exp5_mixed_train_046,D:\keyan\ai_research_workflow_base\13_paper_aligned_repro\datasets\pr_rpad_paper_aligned_v6\exp5\mixed\train\sequences\exp5_mixed_train_046.csv,24,5,3,0,0
exp5_mixed_train_069,D:\keyan\ai_research_workflow_base\13_paper_aligned_repro\datasets\pr_rpad_paper_aligned_v6\exp5\mixed\train\sequences\exp5_mixed_train_069.csv,43,5,3,0,0
exp5_mixed_train_132,D:\keyan\ai_research_workflow_base\13_paper_aligned_repro\datasets\pr_rpad_paper_aligned_v6\exp5\mixed\train\sequences\exp5_mixed_train_132.csv,112,5,3,0,0
exp5_mixed_train_023,D:\keyan\ai_research_workflow_base\13_paper_aligned_repro\datasets\pr_rpad_paper_aligned_v6\exp5\mixed\train\sequences\exp5_mixed_train_023.csv,145,5,3,0,0
exp5_mixed_train_007,D:\keyan\ai_research_workflow_base\13_paper_aligned_repro\datasets\pr_rpad_paper_aligned_v6\exp5\mixed\train\sequences\exp5_mixed_train_007.csv,144,0,0,0,1
exp5_mixed_train_070,D:\keyan\ai_research_workflow_base\13_paper_aligned_repro\datasets\pr_rpad_paper_aligned_v6\exp5\mixed\train\sequences\exp5_mixed_train_070.csv,190,5,3,0,0
exp5_mixed_train_097,D:\keyan\ai_research_workflow_base\13_paper_aligned_repro\datasets\pr_rpad_paper_aligned_v6\exp5\mixed\train\sequences\exp5_mixed_train_097.csv,287,1,1,0,0
exp5_mixed_train_108,D:\keyan\ai_research_workflow_base\13_paper_aligned_repro\datasets\pr_rpad_paper_aligned_v6\exp5\mixed\train\sequences\exp5_mixed_train_108.csv,158,5,3,0,0
exp5_mixed_train_055,D:\keyan\ai_research_workflow_base\13_paper_aligned_repro\datasets\pr_rpad_paper_aligned_v6\exp5\mixed\train\sequences\exp5_mixed_train_055.csv,135,1,1,0,0
exp5_mixed_train_034,D:\keyan\ai_research_workflow_base\13_paper_aligned_repro\datasets\pr_rpad_paper_aligned_v6\exp5\mixed\train\sequences\exp5_mixed_train_034.csv,212,1,1,0,0
exp5_mixed_train_079,D:\keyan\ai_research_workflow_base\13_paper_aligned_repro\datasets\pr_rpad_paper_aligned_v6\exp5\mixed\train\sequences\exp5_mixed_train_079.csv,313,0,0,0,1
exp5_mixed_train_065,D:\keyan\ai_research_workflow_base\13_paper_aligned_repro\datasets\pr_rpad_paper_aligned_v6\exp5\mixed\train\sequences\exp5_mixed_train_065.csv,349,4,2,0,0
exp5_mixed_train_038,D:\keyan\ai_research_workflow_base\13_paper_aligned_repro\datasets\pr_rpad_paper_aligned_v6\exp5\mixed\train\sequences\exp5_mixed_train_038.csv,347,0,0,0,1
exp5_mixed_train_120,D:\keyan\ai_research_workflow_base\13_paper_aligned_repro\datasets\pr_rpad_paper_aligned_v6\exp5\mixed\train\sequences\exp5_mixed_train_120.csv,288,4,2,0,0
exp5_mixed_train_036,D:\keyan\ai_research_workflow_base\13_paper_aligned_repro\datasets\pr_rpad_paper_aligned_v6\exp5\mixed\train\sequences\exp5_mixed_train_036.csv,15,5,3,0,0
exp5_mixed_train_054,D:\keyan\ai_research_workflow_base\13_paper_aligned_repro\datasets\pr_rpad_paper_aligned_v6\exp5\mixed\train\sequences\exp5_mixed_train_054.csv,301,4,2,0,0
exp5_mixed_train_035,D:\keyan\ai_research_workflow_base\13_paper_aligned_repro\datasets\pr_rpad_paper_aligned_v6\exp5\mixed\train\sequences\exp5_mixed_train_035.csv,156,0,0,0,1
exp5_mixed_train_075,D:\keyan\ai_research_workflow_base\13_paper_aligned_repro\datasets\pr_rpad_paper_aligned_v6\exp5\mixed\train\sequences\exp5_mixed_train_075.csv,316,0,0,0,1
exp5_mixed_train_126,D:\keyan\ai_research_workflow_base\13_paper_aligned_repro\datasets\pr_rpad_paper_aligned_v6\exp5\mixed\train\sequences\exp5_mixed_train_126.csv,102,0,0,0,1
exp5_mixed_train_072,D:\keyan\ai_research_workflow_base\13_paper_aligned_repro\datasets\pr_rpad_paper_aligned_v6\exp5\mixed\train\sequences\exp5_mixed_train_072.csv,353,4,2,0,0
exp5_mixed_train_000,D:\keyan\ai_research_workflow_base\13_paper_aligned_repro\datasets\pr_rpad_paper_aligned_v6\exp5\mixed\train\sequences\exp5_mixed_train_000.csv,355,1,1,0,0
exp5_mixed_train_095,D:\keyan\ai_research_workflow_base\13_paper_aligned_repro\datasets\pr_rpad_paper_aligned_v6\exp5\mixed\train\sequences\exp5_mixed_train_095.csv,261,1,1,0,0
exp5_mixed_train_039,D:\keyan\ai_research_workflow_base\13_paper_aligned_repro\datasets\pr_rpad_paper_aligned_v6\exp5\mixed\train\sequences\exp5_mixed_train_039.csv,325,1,1,0,0
exp5_mixed_train_141,D:\keyan\ai_research_workflow_base\13_paper_aligned_repro\datasets\pr_rpad_paper_aligned_v6\exp5\mixed\train\sequences\exp5_mixed_train_141.csv,129,1,1,0,0
exp5_mixed_train_050,D:\keyan\ai_research_workflow_base\13_paper_aligned_repro\datasets\pr_rpad_paper_aligned_v6\exp5\mixed\train\sequences\exp5_mixed_train_050.csv,342,1,1,0,0
exp5_mixed_train_143,D:\keyan\ai_research_workflow_base\13_paper_aligned_repro\datasets\pr_rpad_paper_aligned_v6\exp5\mixed\train\sequences\exp5_mixed_train_143.csv,362,0,0,0,1
exp5_mixed_train_093,D:\keyan\ai_research_workflow_base\13_paper_aligned_repro\datasets\pr_rpad_paper_aligned_v6\exp5\mixed\train\sequences\exp5_mixed_train_093.csv,30,5,3,0,0
exp5_mixed_train_030,D:\keyan\ai_research_workflow_base\13_paper_aligned_repro\datasets\pr_rpad_paper_aligned_v6\exp5\mixed\train\sequences\exp5_mixed_train_030.csv,21,5,3,0,0
exp5_mixed_train_021,D:\keyan\ai_research_workflow_base\13_paper_aligned_repro\datasets\pr_rpad_paper_aligned_v6\exp5\mixed\train\sequences\exp5_mixed_train_021.csv,161,1,1,0,0
exp5_mixed_train_074,D:\keyan\ai_research_workflow_base\13_paper_aligned_repro\datasets\pr_rpad_paper_aligned_v6\exp5\mixed\train\sequences\exp5_mixed_train_074.csv,150,4,2,0,0
exp5_mixed_train_010,D:\keyan\ai_research_workflow_base\13_paper_aligned_repro\datasets\pr_rpad_paper_aligned_v6\exp5\mixed\train\sequences\exp5_mixed_train_010.csv,333,0,0,0,1
exp5_mixed_train_002,D:\keyan\ai_research_workflow_base\13_paper_aligned_repro\datasets\pr_rpad_paper_aligned_v6\exp5\mixed\train\sequences\exp5_mixed_train_002.csv,126,0,0,0,1
exp5_mixed_train_144,D:\keyan\ai_research_workflow_base\13_paper_aligned_repro\datasets\pr_rpad_paper_aligned_v6\exp5\mixed\train\sequences\exp5_mixed_train_144.csv,302,1,1,0,0
exp5_mixed_train_016,D:\keyan\ai_research_workflow_base\13_paper_aligned_repro\datasets\pr_rpad_paper_aligned_v6\exp5\mixed\train\sequences\exp5_mixed_train_016.csv,372,1,1,0,0
exp5_mixed_train_039,D:\keyan\ai_research_workflow_base\13_paper_aligned_repro\datasets\pr_rpad_paper_aligned_v6\exp5\mixed\train\sequences\exp5_mixed_train_039.csv,98,5,3,0,0
exp5_mixed_train_013,D:\keyan\ai_research_workflow_base\13_paper_aligned_repro\datasets\pr_rpad_paper_aligned_v6\exp5\mixed\train\sequences\exp5_mixed_train_013.csv,96,4,2,0,0
exp5_mixed_train_047,D:\keyan\ai_research_workflow_base\13_paper_aligned_repro\datasets\pr_rpad_paper_aligned_v6\exp5\mixed\train\sequences\exp5_mixed_train_047.csv,212,0,0,0,1
exp5_mixed_train_022,D:\keyan\ai_research_workflow_base\13_paper_aligned_repro\datasets\pr_rpad_paper_aligned_v6\exp5\mixed\train\sequences\exp5_mixed_train_022.csv,319,1,1,0,0
exp5_mixed_train_055,D:\keyan\ai_research_workflow_base\13_paper_aligned_repro\datasets\pr_rpad_paper_aligned_v6\exp5\mixed\train\sequences\exp5_mixed_train_055.csv,369,0,0,0,1
exp5_mixed_train_159,D:\keyan\ai_research_workflow_base\13_paper_aligned_repro\datasets\pr_rpad_paper_aligned_v6\exp5\mixed\train\sequences\exp5_mixed_train_159.csv,185,1,1,0,0
exp5_mixed_train_042,D:\keyan\ai_research_workflow_base\13_paper_aligned_repro\datasets\pr_rpad_paper_aligned_v6\exp5\mixed\train\sequences\exp5_mixed_train_042.csv,354,1,1,0,0
exp5_mixed_train_045,D:\keyan\ai_research_workflow_base\13_paper_aligned_repro\datasets\pr_rpad_paper_aligned_v6\exp5\mixed\train\sequences\exp5_mixed_train_045.csv,193,5,3,0,0
exp5_mixed_train_131,D:\keyan\ai_research_workflow_base\13_paper_aligned_repro\datasets\pr_rpad_paper_aligned_v6\exp5\mixed\train\sequences\exp5_mixed_train_131.csv,73,0,0,0,1
exp5_mixed_train_049,D:\keyan\ai_research_workflow_base\13_paper_aligned_repro\datasets\pr_rpad_paper_aligned_v6\exp5\mixed\train\sequences\exp5_mixed_train_049.csv,28,4,2,0,0
exp5_mixed_train_105,D:\keyan\ai_research_workflow_base\13_paper_aligned_repro\datasets\pr_rpad_paper_aligned_v6\exp5\mixed\train\sequences\exp5_mixed_train_105.csv,396,1,1,0,0
exp5_mixed_train_077,D:\keyan\ai_research_workflow_base\13_paper_aligned_repro\datasets\pr_rpad_paper_aligned_v6\exp5\mixed\train\sequences\exp5_mixed_train_077.csv,349,4,2,0,0
exp5_mixed_train_115,D:\keyan\ai_research_workflow_base\13_paper_aligned_repro\datasets\pr_rpad_paper_aligned_v6\exp5\mixed\train\sequences\exp5_mixed_train_115.csv,324,0,0,0,1
exp5_mixed_train_008,D:\keyan\ai_research_workflow_base\13_paper_aligned_repro\datasets\pr_rpad_paper_aligned_v6\exp5\mixed\train\sequences\exp5_mixed_train_008.csv,388,0,0,0,1
exp5_mixed_train_131,D:\keyan\ai_research_workflow_base\13_paper_aligned_repro\datasets\pr_rpad_paper_aligned_v6\exp5\mixed\train\sequences\exp5_mixed_train_131.csv,282,1,1,0,0
exp5_mixed_train_045,D:\keyan\ai_research_workflow_base\13_paper_aligned_repro\datasets\pr_rpad_paper_aligned_v6\exp5\mixed\train\sequences\exp5_mixed_train_045.csv,303,4,2,0,0
exp5_mixed_train_080,D:\keyan\ai_research_workflow_base\13_paper_aligned_repro\datasets\pr_rpad_paper_aligned_v6\exp5\mixed\train\sequences\exp5_mixed_train_080.csv,286,0,0,0,1
exp5_mixed_train_115,D:\keyan\ai_research_workflow_base\13_paper_aligned_repro\datasets\pr_rpad_paper_aligned_v6\exp5\mixed\train\sequences\exp5_mixed_train_115.csv,154,5,3,0,0
exp5_mixed_train_140,D:\keyan\ai_research_workflow_base\13_paper_aligned_repro\datasets\pr_rpad_paper_aligned_v6\exp5\mixed\train\sequences\exp5_mixed_train_140.csv,366,0,0,0,1
exp5_mixed_train_113,D:\keyan\ai_research_workflow_base\13_paper_aligned_repro\datasets\pr_rpad_paper_aligned_v6\exp5\mixed\train\sequences\exp5_mixed_train_113.csv,64,4,2,0,0
exp5_mixed_train_021,D:\keyan\ai_research_workflow_base\13_paper_aligned_repro\datasets\pr_rpad_paper_aligned_v6\exp5\mixed\train\sequences\exp5_mixed_train_021.csv,107,4,2,0,0
exp5_mixed_train_135,D:\keyan\ai_research_workflow_base\13_paper_aligned_repro\datasets\pr_rpad_paper_aligned_v6\exp5\mixed\train\sequences\exp5_mixed_train_135.csv,303,1,1,0,0
exp5_mixed_train_100,D:\keyan\ai_research_workflow_base\13_paper_aligned_repro\datasets\pr_rpad_paper_aligned_v6\exp5\mixed\train\sequences\exp5_mixed_train_100.csv,165,5,3,0,0
exp5_mixed_train_140,D:\keyan\ai_research_workflow_base\13_paper_aligned_repro\datasets\pr_rpad_paper_aligned_v6\exp5\mixed\train\sequences\exp5_mixed_train_140.csv,391,0,0,0,1
exp5_mixed_train_015,D:\keyan\ai_research_workflow_base\13_paper_aligned_repro\datasets\pr_rpad_paper_aligned_v6\exp5\mixed\train\sequences\exp5_mixed_train_015.csv,393,1,1,0,0
exp5_mixed_train_069,D:\keyan\ai_research_workflow_base\13_paper_aligned_repro\datasets\pr_rpad_paper_aligned_v6\exp5\mixed\train\sequences\exp5_mixed_train_069.csv,145,5,3,0,0
exp5_mixed_train_132,D:\keyan\ai_research_workflow_base\13_paper_aligned_repro\datasets\pr_rpad_paper_aligned_v6\exp5\mixed\train\sequences\exp5_mixed_train_132.csv,383,0,0,0,1
exp5_mixed_train_045,D:\keyan\ai_research_workflow_base\13_paper_aligned_repro\datasets\pr_rpad_paper_aligned_v6\exp5\mixed\train\sequences\exp5_mixed_train_045.csv,99,5,3,0,0
exp5_mixed_train_054,D:\keyan\ai_research_workflow_base\13_paper_aligned_repro\datasets\pr_rpad_paper_aligned_v6\exp5\mixed\train\sequences\exp5_mixed_train_054.csv,255,1,1,0,0
exp5_mixed_train_076,D:\keyan\ai_research_workflow_base\13_paper_aligned_repro\datasets\pr_rpad_paper_aligned_v6\exp5\mixed\train\sequences\exp5_mixed_train_076.csv,83,4,2,0,0
exp5_mixed_train_092,D:\keyan\ai_research_workflow_base\13_paper_aligned_repro\datasets\pr_rpad_paper_aligned_v6\exp5\mixed\train\sequences\exp5_mixed_train_092.csv,341,4,2,0,0
exp5_mixed_train_009,D:\keyan\ai_research_workflow_base\13_paper_aligned_repro\datasets\pr_rpad_paper_aligned_v6\exp5\mixed\train\sequences\exp5_mixed_train_009.csv,246,0,0,0,1
exp5_mixed_train_082,D:\keyan\ai_research_workflow_base\13_paper_aligned_repro\datasets\pr_rpad_paper_aligned_v6\exp5\mixed\train\sequences\exp5_mixed_train_082.csv,102,1,1,0,0
exp5_mixed_train_134,D:\keyan\ai_research_workflow_base\13_paper_aligned_repro\datasets\pr_rpad_paper_aligned_v6\exp5\mixed\train\sequences\exp5_mixed_train_134.csv,155,4,2,0,0
exp5_mixed_train_064,D:\keyan\ai_research_workflow_base\13_paper_aligned_repro\datasets\pr_rpad_paper_aligned_v6\exp5\mixed\train\sequences\exp5_mixed_train_064.csv,0,5,3,0,0
exp5_mixed_train_039,D:\keyan\ai_research_workflow_base\13_paper_aligned_repro\datasets\pr_rpad_paper_aligned_v6\exp5\mixed\train\sequences\exp5_mixed_train_039.csv,353,4,2,0,0
exp5_mixed_train_029,D:\keyan\ai_research_workflow_base\13_paper_aligned_repro\datasets\pr_rpad_paper_aligned_v6\exp5\mixed\train\sequences\exp5_mixed_train_029.csv,278,1,1,0,0
exp5_mixed_train_029,D:\keyan\ai_research_workflow_base\13_paper_aligned_repro\datasets\pr_rpad_paper_aligned_v6\exp5\mixed\train\sequences\exp5_mixed_train_029.csv,213,5,3,0,0
exp5_mixed_train_046,D:\keyan\ai_research_workflow_base\13_paper_aligned_repro\datasets\pr_rpad_paper_aligned_v6\exp5\mixed\train\sequences\exp5_mixed_train_046.csv,84,0,0,0,1
exp5_mixed_train_000,D:\keyan\ai_research_workflow_base\13_paper_aligned_repro\datasets\pr_rpad_paper_aligned_v6\exp5\mixed\train\sequences\exp5_mixed_train_000.csv,67,0,0,0,1
exp5_mixed_train_158,D:\keyan\ai_research_workflow_base\13_paper_aligned_repro\datasets\pr_rpad_paper_aligned_v6\exp5\mixed\train\sequences\exp5_mixed_train_158.csv,126,4,2,0,0
exp5_mixed_train_120,D:\keyan\ai_research_workflow_base\13_paper_aligned_repro\datasets\pr_rpad_paper_aligned_v6\exp5\mixed\train\sequences\exp5_mixed_train_120.csv,151,4,2,0,0
exp5_mixed_train_133,D:\keyan\ai_research_workflow_base\13_paper_aligned_repro\datasets\pr_rpad_paper_aligned_v6\exp5\mixed\train\sequences\exp5_mixed_train_133.csv,331,1,1,0,0
exp5_mixed_train_078,D:\keyan\ai_research_workflow_base\13_paper_aligned_repro\datasets\pr_rpad_paper_aligned_v6\exp5\mixed\train\sequences\exp5_mixed_train_078.csv,183,4,2,0,0
exp5_mixed_train_022,D:\keyan\ai_research_workflow_base\13_paper_aligned_repro\datasets\pr_rpad_paper_aligned_v6\exp5\mixed\train\sequences\exp5_mixed_train_022.csv,342,4,2,0,0
exp5_mixed_train_104,D:\keyan\ai_research_workflow_base\13_paper_aligned_repro\datasets\pr_rpad_paper_aligned_v6\exp5\mixed\train\sequences\exp5_mixed_train_104.csv,395,1,1,0,0
exp5_mixed_train_128,D:\keyan\ai_research_workflow_base\13_paper_aligned_repro\datasets\pr_rpad_paper_aligned_v6\exp5\mixed\train\sequences\exp5_mixed_train_128.csv,190,1,1,0,0
exp5_mixed_train_058,D:\keyan\ai_research_workflow_base\13_paper_aligned_repro\datasets\pr_rpad_paper_aligned_v6\exp5\mixed\train\sequences\exp5_mixed_train_058.csv,269,0,0,0,1
exp5_mixed_train_142,D:\keyan\ai_research_workflow_base\13_paper_aligned_repro\datasets\pr_rpad_paper_aligned_v6\exp5\mixed\train\sequences\exp5_mixed_train_142.csv,259,1,1,0,0
exp5_mixed_train_003,D:\keyan\ai_research_workflow_base\13_paper_aligned_repro\datasets\pr_rpad_paper_aligned_v6\exp5\mixed\train\sequences\exp5_mixed_train_003.csv,193,4,2,0,0
exp5_mixed_train_061,D:\keyan\ai_research_workflow_base\13_paper_aligned_repro\datasets\pr_rpad_paper_aligned_v6\exp5\mixed\train\sequences\exp5_mixed_train_061.csv,31,5,3,0,0
exp5_mixed_train_015,D:\keyan\ai_research_workflow_base\13_paper_aligned_repro\datasets\pr_rpad_paper_aligned_v6\exp5\mixed\train\sequences\exp5_mixed_train_015.csv,29,5,3,0,0
exp5_mixed_train_097,D:\keyan\ai_research_workflow_base\13_paper_aligned_repro\datasets\pr_rpad_paper_aligned_v6\exp5\mixed\train\sequences\exp5_mixed_train_097.csv,390,0,0,0,1
exp5_mixed_train_133,D:\keyan\ai_research_workflow_base\13_paper_aligned_repro\datasets\pr_rpad_paper_aligned_v6\exp5\mixed\train\sequences\exp5_mixed_train_133.csv,177,5,3,0,0
exp5_mixed_train_057,D:\keyan\ai_research_workflow_base\13_paper_aligned_repro\datasets\pr_rpad_paper_aligned_v6\exp5\mixed\train\sequences\exp5_mixed_train_057.csv,18,1,1,0,0
exp5_mixed_train_123,D:\keyan\ai_research_workflow_base\13_paper_aligned_repro\datasets\pr_rpad_paper_aligned_v6\exp5\mixed\train\sequences\exp5_mixed_train_123.csv,41,4,2,0,0
exp5_mixed_train_074,D:\keyan\ai_research_workflow_base\13_paper_aligned_repro\datasets\pr_rpad_paper_aligned_v6\exp5\mixed\train\sequences\exp5_mixed_train_074.csv,156,0,0,0,1
exp5_mixed_train_122,D:\keyan\ai_research_workflow_base\13_paper_aligned_repro\datasets\pr_rpad_paper_aligned_v6\exp5\mixed\train\sequences\exp5_mixed_train_122.csv,194,5,3,0,0
exp5_mixed_train_117,D:\keyan\ai_research_workflow_base\13_paper_aligned_repro\datasets\pr_rpad_paper_aligned_v6\exp5\mixed\train\sequences\exp5_mixed_train_117.csv,215,4,2,0,0
exp5_mixed_train_100,D:\keyan\ai_research_workflow_base\13_paper_aligned_repro\datasets\pr_rpad_paper_aligned_v6\exp5\mixed\train\sequences\exp5_mixed_train_100.csv,111,1,1,0,0
exp5_mixed_train_002,D:\keyan\ai_research_workflow_base\13_paper_aligned_repro\datasets\pr_rpad_paper_aligned_v6\exp5\mixed\train\sequences\exp5_mixed_train_002.csv,48,4,2,0,0
exp5_mixed_train_056,D:\keyan\ai_research_workflow_base\13_paper_aligned_repro\datasets\pr_rpad_paper_aligned_v6\exp5\mixed\train\sequences\exp5_mixed_train_056.csv,58,5,3,0,0
exp5_mixed_train_085,D:\keyan\ai_research_workflow_base\13_paper_aligned_repro\datasets\pr_rpad_paper_aligned_v6\exp5\mixed\train\sequences\exp5_mixed_train_085.csv,76,0,0,0,1
exp5_mixed_train_105,D:\keyan\ai_research_workflow_base\13_paper_aligned_repro\datasets\pr_rpad_paper_aligned_v6\exp5\mixed\train\sequences\exp5_mixed_train_105.csv,395,1,1,0,0
exp5_mixed_train_110,D:\keyan\ai_research_workflow_base\13_paper_aligned_repro\datasets\pr_rpad_paper_aligned_v6\exp5\mixed\train\sequences\exp5_mixed_train_110.csv,180,5,3,0,0
exp5_mixed_train_151,D:\keyan\ai_research_workflow_base\13_paper_aligned_repro\datasets\pr_rpad_paper_aligned_v6\exp5\mixed\train\sequences\exp5_mixed_train_151.csv,274,0,0,0,1
exp5_mixed_train_054,D:\keyan\ai_research_workflow_base\13_paper_aligned_repro\datasets\pr_rpad_paper_aligned_v6\exp5\mixed\train\sequences\exp5_mixed_train_054.csv,370,1,1,0,0
exp5_mixed_train_013,D:\keyan\ai_research_workflow_base\13_paper_aligned_repro\datasets\pr_rpad_paper_aligned_v6\exp5\mixed\train\sequences\exp5_mixed_train_013.csv,329,1,1,0,0
exp5_mixed_train_155,D:\keyan\ai_research_workflow_base\13_paper_aligned_repro\datasets\pr_rpad_paper_aligned_v6\exp5\mixed\train\sequences\exp5_mixed_train_155.csv,169,5,3,0,0
exp5_mixed_train_120,D:\keyan\ai_research_workflow_base\13_paper_aligned_repro\datasets\pr_rpad_paper_aligned_v6\exp5\mixed\train\sequences\exp5_mixed_train_120.csv,52,5,3,0,0
exp5_mixed_train_083,D:\keyan\ai_research_workflow_base\13_paper_aligned_repro\datasets\pr_rpad_paper_aligned_v6\exp5\mixed\train\sequences\exp5_mixed_train_083.csv,77,5,3,0,0
exp5_mixed_train_013,D:\keyan\ai_research_workflow_base\13_paper_aligned_repro\datasets\pr_rpad_paper_aligned_v6\exp5\mixed\train\sequences\exp5_mixed_train_013.csv,23,5,3,0,0
exp5_mixed_train_018,D:\keyan\ai_research_workflow_base\13_paper_aligned_repro\datasets\pr_rpad_paper_aligned_v6\exp5\mixed\train\sequences\exp5_mixed_train_018.csv,284,0,0,0,1
exp5_mixed_train_025,D:\keyan\ai_research_workflow_base\13_paper_aligned_repro\datasets\pr_rpad_paper_aligned_v6\exp5\mixed\train\sequences\exp5_mixed_train_025.csv,61,4,2,0,0
exp5_mixed_train_063,D:\keyan\ai_research_workflow_base\13_paper_aligned_repro\datasets\pr_rpad_paper_aligned_v6\exp5\mixed\train\sequences\exp5_mixed_train_063.csv,19,5,3,0,0
exp5_mixed_train_129,D:\keyan\ai_research_workflow_base\13_paper_aligned_repro\datasets\pr_rpad_paper_aligned_v6\exp5\mixed\train\sequences\exp5_mixed_train_129.csv,275,0,0,0,1
exp5_mixed_train_102,D:\keyan\ai_research_workflow_base\13_paper_aligned_repro\datasets\pr_rpad_paper_aligned_v6\exp5\mixed\train\sequences\exp5_mixed_train_102.csv,233,0,0,0,1
exp5_mixed_train_066,D:\keyan\ai_research_workflow_base\13_paper_aligned_repro\datasets\pr_rpad_paper_aligned_v6\exp5\mixed\train\sequences\exp5_mixed_train_066.csv,121,4,2,0,0
exp5_mixed_train_065,D:\keyan\ai_research_workflow_base\13_paper_aligned_repro\datasets\pr_rpad_paper_aligned_v6\exp5\mixed\train\sequences\exp5_mixed_train_065.csv,318,4,2,0,0
exp5_mixed_train_134,D:\keyan\ai_research_workflow_base\13_paper_aligned_repro\datasets\pr_rpad_paper_aligned_v6\exp5\mixed\train\sequences\exp5_mixed_train_134.csv,48,5,3,0,0
exp5_mixed_train_111,D:\keyan\ai_research_workflow_base\13_paper_aligned_repro\datasets\pr_rpad_paper_aligned_v6\exp5\mixed\train\sequences\exp5_mixed_train_111.csv,151,5,3,0,0
exp5_mixed_train_003,D:\keyan\ai_research_workflow_base\13_paper_aligned_repro\datasets\pr_rpad_paper_aligned_v6\exp5\mixed\train\sequences\exp5_mixed_train_003.csv,57,4,2,0,0
exp5_mixed_train_055,D:\keyan\ai_research_workflow_base\13_paper_aligned_repro\datasets\pr_rpad_paper_aligned_v6\exp5\mixed\train\sequences\exp5_mixed_train_055.csv,20,1,1,0,0
exp5_mixed_train_076,D:\keyan\ai_research_workflow_base\13_paper_aligned_repro\datasets\pr_rpad_paper_aligned_v6\exp5\mixed\train\sequences\exp5_mixed_train_076.csv,204,1,1,0,0
exp5_mixed_train_014,D:\keyan\ai_research_workflow_base\13_paper_aligned_repro\datasets\pr_rpad_paper_aligned_v6\exp5\mixed\train\sequences\exp5_mixed_train_014.csv,335,4,2,0,0
exp5_mixed_train_136,D:\keyan\ai_research_workflow_base\13_paper_aligned_repro\datasets\pr_rpad_paper_aligned_v6\exp5\mixed\train\sequences\exp5_mixed_train_136.csv,70,1,1,0,0
exp5_mixed_train_102,D:\keyan\ai_research_workflow_base\13_paper_aligned_repro\datasets\pr_rpad_paper_aligned_v6\exp5\mixed\train\sequences\exp5_mixed_train_102.csv,89,0,0,0,1
exp5_mixed_train_159,D:\keyan\ai_research_workflow_base\13_paper_aligned_repro\datasets\pr_rpad_paper_aligned_v6\exp5\mixed\train\sequences\exp5_mixed_train_159.csv,180,0,0,0,1
exp5_mixed_train_042,D:\keyan\ai_research_workflow_base\13_paper_aligned_repro\datasets\pr_rpad_paper_aligned_v6\exp5\mixed\train\sequences\exp5_mixed_train_042.csv,364,4,2,0,0
exp5_mixed_train_152,D:\keyan\ai_research_workflow_base\13_paper_aligned_repro\datasets\pr_rpad_paper_aligned_v6\exp5\mixed\train\sequences\exp5_mixed_train_152.csv,63,1,1,0,0
exp5_mixed_train_138,D:\keyan\ai_research_workflow_base\13_paper_aligned_repro\datasets\pr_rpad_paper_aligned_v6\exp5\mixed\train\sequences\exp5_mixed_train_138.csv,207,1,1,0,0
exp5_mixed_train_119,D:\keyan\ai_research_workflow_base\13_paper_aligned_repro\datasets\pr_rpad_paper_aligned_v6\exp5\mixed\train\sequences\exp5_mixed_train_119.csv,114,5,3,0,0
exp5_mixed_train_117,D:\keyan\ai_research_workflow_base\13_paper_aligned_repro\datasets\pr_rpad_paper_aligned_v6\exp5\mixed\train\sequences\exp5_mixed_train_117.csv,154,0,0,0,1
exp5_mixed_train_035,D:\keyan\ai_research_workflow_base\13_paper_aligned_repro\datasets\pr_rpad_paper_aligned_v6\exp5\mixed\train\sequences\exp5_mixed_train_035.csv,64,1,1,0,0
exp5_mixed_train_127,D:\keyan\ai_research_workflow_base\13_paper_aligned_repro\datasets\pr_rpad_paper_aligned_v6\exp5\mixed\train\sequences\exp5_mixed_train_127.csv,181,5,3,0,0
exp5_mixed_train_083,D:\keyan\ai_research_workflow_base\13_paper_aligned_repro\datasets\pr_rpad_paper_aligned_v6\exp5\mixed\train\sequences\exp5_mixed_train_083.csv,303,1,1,0,0
exp5_mixed_train_026,D:\keyan\ai_research_workflow_base\13_paper_aligned_repro\datasets\pr_rpad_paper_aligned_v6\exp5\mixed\train\sequences\exp5_mixed_train_026.csv,133,1,1,0,0
exp5_mixed_train_134,D:\keyan\ai_research_workflow_base\13_paper_aligned_repro\datasets\pr_rpad_paper_aligned_v6\exp5\mixed\train\sequences\exp5_mixed_train_134.csv,355,1,1,0,0
exp5_mixed_train_085,D:\keyan\ai_research_workflow_base\13_paper_aligned_repro\datasets\pr_rpad_paper_aligned_v6\exp5\mixed\train\sequences\exp5_mixed_train_085.csv,246,0,0,0,1
exp5_mixed_train_041,D:\keyan\ai_research_workflow_base\13_paper_aligned_repro\datasets\pr_rpad_paper_aligned_v6\exp5\mixed\train\sequences\exp5_mixed_train_041.csv,261,4,2,0,0
exp5_mixed_train_053,D:\keyan\ai_research_workflow_base\13_paper_aligned_repro\datasets\pr_rpad_paper_aligned_v6\exp5\mixed\train\sequences\exp5_mixed_train_053.csv,44,5,3,0,0
exp5_mixed_train_075,D:\keyan\ai_research_workflow_base\13_paper_aligned_repro\datasets\pr_rpad_paper_aligned_v6\exp5\mixed\train\sequences\exp5_mixed_train_075.csv,33,5,3,0,0
exp5_mixed_train_055,D:\keyan\ai_research_workflow_base\13_paper_aligned_repro\datasets\pr_rpad_paper_aligned_v6\exp5\mixed\train\sequences\exp5_mixed_train_055.csv,301,4,2,0,0
exp5_mixed_train_117,D:\keyan\ai_research_workflow_base\13_paper_aligned_repro\datasets\pr_rpad_paper_aligned_v6\exp5\mixed\train\sequences\exp5_mixed_train_117.csv,334,1,1,0,0
exp5_mixed_train_110,D:\keyan\ai_research_workflow_base\13_paper_aligned_repro\datasets\pr_rpad_paper_aligned_v6\exp5\mixed\train\sequences\exp5_mixed_train_110.csv,268,1,1,0,0
exp5_mixed_train_083,D:\keyan\ai_research_workflow_base\13_paper_aligned_repro\datasets\pr_rpad_paper_aligned_v6\exp5\mixed\train\sequences\exp5_mixed_train_083.csv,40,4,2,0,0
exp5_mixed_train_060,D:\keyan\ai_research_workflow_base\13_paper_aligned_repro\datasets\pr_rpad_paper_aligned_v6\exp5\mixed\train\sequences\exp5_mixed_train_060.csv,302,0,0,0,1
exp5_mixed_train_032,D:\keyan\ai_research_workflow_base\13_paper_aligned_repro\datasets\pr_rpad_paper_aligned_v6\exp5\mixed\train\sequences\exp5_mixed_train_032.csv,309,0,0,0,1
exp5_mixed_train_095,D:\keyan\ai_research_workflow_base\13_paper_aligned_repro\datasets\pr_rpad_paper_aligned_v6\exp5\mixed\train\sequences\exp5_mixed_train_095.csv,235,1,1,0,0
exp5_mixed_train_158,D:\keyan\ai_research_workflow_base\13_paper_aligned_repro\datasets\pr_rpad_paper_aligned_v6\exp5\mixed\train\sequences\exp5_mixed_train_158.csv,216,5,3,0,0
exp5_mixed_train_155,D:\keyan\ai_research_workflow_base\13_paper_aligned_repro\datasets\pr_rpad_paper_aligned_v6\exp5\mixed\train\sequences\exp5_mixed_train_155.csv,137,5,3,0,0
exp5_mixed_train_101,D:\keyan\ai_research_workflow_base\13_paper_aligned_repro\datasets\pr_rpad_paper_aligned_v6\exp5\mixed\train\sequences\exp5_mixed_train_101.csv,23,0,0,0,1
exp5_mixed_train_099,D:\keyan\ai_research_workflow_base\13_paper_aligned_repro\datasets\pr_rpad_paper_aligned_v6\exp5\mixed\train\sequences\exp5_mixed_train_099.csv,356,0,0,0,1
exp5_mixed_train_066,D:\keyan\ai_research_workflow_base\13_paper_aligned_repro\datasets\pr_rpad_paper_aligned_v6\exp5\mixed\train\sequences\exp5_mixed_train_066.csv,42,4,2,0,0
exp5_mixed_train_027,D:\keyan\ai_research_workflow_base\13_paper_aligned_repro\datasets\pr_rpad_paper_aligned_v6\exp5\mixed\train\sequences\exp5_mixed_train_027.csv,236,5,3,0,0
exp5_mixed_train_134,D:\keyan\ai_research_workflow_base\13_paper_aligned_repro\datasets\pr_rpad_paper_aligned_v6\exp5\mixed\train\sequences\exp5_mixed_train_134.csv,180,5,3,0,0
exp5_mixed_train_042,D:\keyan\ai_research_workflow_base\13_paper_aligned_repro\datasets\pr_rpad_paper_aligned_v6\exp5\mixed\train\sequences\exp5_mixed_train_042.csv,353,1,1,0,0
exp5_mixed_train_092,D:\keyan\ai_research_workflow_base\13_paper_aligned_repro\datasets\pr_rpad_paper_aligned_v6\exp5\mixed\train\sequences\exp5_mixed_train_092.csv,20,0,0,0,1
exp5_mixed_train_059,D:\keyan\ai_research_workflow_base\13_paper_aligned_repro\datasets\pr_rpad_paper_aligned_v6\exp5\mixed\train\sequences\exp5_mixed_train_059.csv,67,0,0,0,1
exp5_mixed_train_142,D:\keyan\ai_research_workflow_base\13_paper_aligned_repro\datasets\pr_rpad_paper_aligned_v6\exp5\mixed\train\sequences\exp5_mixed_train_142.csv,159,4,2,0,0
exp5_mixed_train_049,D:\keyan\ai_research_workflow_base\13_paper_aligned_repro\datasets\pr_rpad_paper_aligned_v6\exp5\mixed\train\sequences\exp5_mixed_train_049.csv,315,4,2,0,0
exp5_mixed_train_071,D:\keyan\ai_research_workflow_base\13_paper_aligned_repro\datasets\pr_rpad_paper_aligned_v6\exp5\mixed\train\sequences\exp5_mixed_train_071.csv,185,1,1,0,0
exp5_mixed_train_154,D:\keyan\ai_research_workflow_base\13_paper_aligned_repro\datasets\pr_rpad_paper_aligned_v6\exp5\mixed\train\sequences\exp5_mixed_train_154.csv,40,4,2,0,0
exp5_mixed_train_151,D:\keyan\ai_research_workflow_base\13_paper_aligned_repro\datasets\pr_rpad_paper_aligned_v6\exp5\mixed\train\sequences\exp5_mixed_train_151.csv,165,1,1,0,0
exp5_mixed_train_022,D:\keyan\ai_research_workflow_base\13_paper_aligned_repro\datasets\pr_rpad_paper_aligned_v6\exp5\mixed\train\sequences\exp5_mixed_train_022.csv,119,0,0,0,1
exp5_mixed_train_035,D:\keyan\ai_research_workflow_base\13_paper_aligned_repro\datasets\pr_rpad_paper_aligned_v6\exp5\mixed\train\sequences\exp5_mixed_train_035.csv,370,0,0,0,1
exp5_mixed_train_149,D:\keyan\ai_research_workflow_base\13_paper_aligned_repro\datasets\pr_rpad_paper_aligned_v6\exp5\mixed\train\sequences\exp5_mixed_train_149.csv,143,1,1,0,0
exp5_mixed_train_091,D:\keyan\ai_research_workflow_base\13_paper_aligned_repro\datasets\pr_rpad_paper_aligned_v6\exp5\mixed\train\sequences\exp5_mixed_train_091.csv,19,5,3,0,0
exp5_mixed_train_116,D:\keyan\ai_research_workflow_base\13_paper_aligned_repro\datasets\pr_rpad_paper_aligned_v6\exp5\mixed\train\sequences\exp5_mixed_train_116.csv,308,1,1,0,0
exp5_mixed_train_110,D:\keyan\ai_research_workflow_base\13_paper_aligned_repro\datasets\pr_rpad_paper_aligned_v6\exp5\mixed\train\sequences\exp5_mixed_train_110.csv,189,4,2,0,0
exp5_mixed_train_094,D:\keyan\ai_research_workflow_base\13_paper_aligned_repro\datasets\pr_rpad_paper_aligned_v6\exp5\mixed\train\sequences\exp5_mixed_train_094.csv,140,4,2,0,0
exp5_mixed_train_017,D:\keyan\ai_research_workflow_base\13_paper_aligned_repro\datasets\pr_rpad_paper_aligned_v6\exp5\mixed\train\sequences\exp5_mixed_train_017.csv,151,4,2,0,0
exp5_mixed_train_015,D:\keyan\ai_research_workflow_base\13_paper_aligned_repro\datasets\pr_rpad_paper_aligned_v6\exp5\mixed\train\sequences\exp5_mixed_train_015.csv,330,1,1,0,0
exp5_mixed_train_062,D:\keyan\ai_research_workflow_base\13_paper_aligned_repro\datasets\pr_rpad_paper_aligned_v6\exp5\mixed\train\sequences\exp5_mixed_train_062.csv,233,4,2,0,0
exp5_mixed_train_070,D:\keyan\ai_research_workflow_base\13_paper_aligned_repro\datasets\pr_rpad_paper_aligned_v6\exp5\mixed\train\sequences\exp5_mixed_train_070.csv,88,4,2,0,0
exp5_mixed_train_104,D:\keyan\ai_research_workflow_base\13_paper_aligned_repro\datasets\pr_rpad_paper_aligned_v6\exp5\mixed\train\sequences\exp5_mixed_train_104.csv,154,4,2,0,0
exp5_mixed_train_157,D:\keyan\ai_research_workflow_base\13_paper_aligned_repro\datasets\pr_rpad_paper_aligned_v6\exp5\mixed\train\sequences\exp5_mixed_train_157.csv,385,1,1,0,0
exp5_mixed_train_035,D:\keyan\ai_research_workflow_base\13_paper_aligned_repro\datasets\pr_rpad_paper_aligned_v6\exp5\mixed\train\sequences\exp5_mixed_train_035.csv,275,1,1,0,0
exp5_mixed_train_116,D:\keyan\ai_research_workflow_base\13_paper_aligned_repro\datasets\pr_rpad_paper_aligned_v6\exp5\mixed\train\sequences\exp5_mixed_train_116.csv,30,0,0,0,1
exp5_mixed_train_091,D:\keyan\ai_research_workflow_base\13_paper_aligned_repro\datasets\pr_rpad_paper_aligned_v6\exp5\mixed\train\sequences\exp5_mixed_train_091.csv,9,5,3,0,0
exp5_mixed_train_026,D:\keyan\ai_research_workflow_base\13_paper_aligned_repro\datasets\pr_rpad_paper_aligned_v6\exp5\mixed\train\sequences\exp5_mixed_train_026.csv,336,4,2,0,0
exp5_mixed_train_006,D:\keyan\ai_research_workflow_base\13_paper_aligned_repro\datasets\pr_rpad_paper_aligned_v6\exp5\mixed\train\sequences\exp5_mixed_train_006.csv,245,0,0,0,1
exp5_mixed_train_102,D:\keyan\ai_research_workflow_base\13_paper_aligned_repro\datasets\pr_rpad_paper_aligned_v6\exp5\mixed\train\sequences\exp5_mixed_train_102.csv,221,1,1,0,0
exp5_mixed_train_087,D:\keyan\ai_research_workflow_base\13_paper_aligned_repro\datasets\pr_rpad_paper_aligned_v6\exp5\mixed\train\sequences\exp5_mixed_train_087.csv,13,0,0,0,1
exp5_mixed_train_139,D:\keyan\ai_research_workflow_base\13_paper_aligned_repro\datasets\pr_rpad_paper_aligned_v6\exp5\mixed\train\sequences\exp5_mixed_train_139.csv,23,1,1,0,0
exp5_mixed_train_097,D:\keyan\ai_research_workflow_base\13_paper_aligned_repro\datasets\pr_rpad_paper_aligned_v6\exp5\mixed\train\sequences\exp5_mixed_train_097.csv,385,1,1,0,0
exp5_mixed_train_026,D:\keyan\ai_research_workflow_base\13_paper_aligned_repro\datasets\pr_rpad_paper_aligned_v6\exp5\mixed\train\sequences\exp5_mixed_train_026.csv,123,5,3,0,0
exp5_mixed_train_048,D:\keyan\ai_research_workflow_base\13_paper_aligned_repro\datasets\pr_rpad_paper_aligned_v6\exp5\mixed\train\sequences\exp5_mixed_train_048.csv,181,5,3,0,0
exp5_mixed_train_070,D:\keyan\ai_research_workflow_base\13_paper_aligned_repro\datasets\pr_rpad_paper_aligned_v6\exp5\mixed\train\sequences\exp5_mixed_train_070.csv,268,4,2,0,0
exp5_mixed_train_021,D:\keyan\ai_research_workflow_base\13_paper_aligned_repro\datasets\pr_rpad_paper_aligned_v6\exp5\mixed\train\sequences\exp5_mixed_train_021.csv,190,0,0,0,1
exp5_mixed_train_001,D:\keyan\ai_research_workflow_base\13_paper_aligned_repro\datasets\pr_rpad_paper_aligned_v6\exp5\mixed\train\sequences\exp5_mixed_train_001.csv,347,0,0,0,1
exp5_mixed_train_088,D:\keyan\ai_research_workflow_base\13_paper_aligned_repro\datasets\pr_rpad_paper_aligned_v6\exp5\mixed\train\sequences\exp5_mixed_train_088.csv,380,0,0,0,1
exp5_mixed_train_110,D:\keyan\ai_research_workflow_base\13_paper_aligned_repro\datasets\pr_rpad_paper_aligned_v6\exp5\mixed\train\sequences\exp5_mixed_train_110.csv,92,5,3,0,0
exp5_mixed_train_031,D:\keyan\ai_research_workflow_base\13_paper_aligned_repro\datasets\pr_rpad_paper_aligned_v6\exp5\mixed\train\sequences\exp5_mixed_train_031.csv,152,4,2,0,0
exp5_mixed_train_024,D:\keyan\ai_research_workflow_base\13_paper_aligned_repro\datasets\pr_rpad_paper_aligned_v6\exp5\mixed\train\sequences\exp5_mixed_train_024.csv,374,1,1,0,0
exp5_mixed_train_105,D:\keyan\ai_research_workflow_base\13_paper_aligned_repro\datasets\pr_rpad_paper_aligned_v6\exp5\mixed\train\sequences\exp5_mixed_train_105.csv,291,1,1,0,0
exp5_mixed_train_129,D:\keyan\ai_research_workflow_base\13_paper_aligned_repro\datasets\pr_rpad_paper_aligned_v6\exp5\mixed\train\sequences\exp5_mixed_train_129.csv,259,0,0,0,1
exp5_mixed_train_014,D:\keyan\ai_research_workflow_base\13_paper_aligned_repro\datasets\pr_rpad_paper_aligned_v6\exp5\mixed\train\sequences\exp5_mixed_train_014.csv,285,1,1,0,0
exp5_mixed_train_037,D:\keyan\ai_research_workflow_base\13_paper_aligned_repro\datasets\pr_rpad_paper_aligned_v6\exp5\mixed\train\sequences\exp5_mixed_train_037.csv,85,5,3,0,0
exp5_mixed_train_125,D:\keyan\ai_research_workflow_base\13_paper_aligned_repro\datasets\pr_rpad_paper_aligned_v6\exp5\mixed\train\sequences\exp5_mixed_train_125.csv,341,0,0,0,1
exp5_mixed_train_047,D:\keyan\ai_research_workflow_base\13_paper_aligned_repro\datasets\pr_rpad_paper_aligned_v6\exp5\mixed\train\sequences\exp5_mixed_train_047.csv,153,0,0,0,1
exp5_mixed_train_083,D:\keyan\ai_research_workflow_base\13_paper_aligned_repro\datasets\pr_rpad_paper_aligned_v6\exp5\mixed\train\sequences\exp5_mixed_train_083.csv,375,0,0,0,1
exp5_mixed_train_015,D:\keyan\ai_research_workflow_base\13_paper_aligned_repro\datasets\pr_rpad_paper_aligned_v6\exp5\mixed\train\sequences\exp5_mixed_train_015.csv,99,4,2,0,0
exp5_mixed_train_037,D:\keyan\ai_research_workflow_base\13_paper_aligned_repro\datasets\pr_rpad_paper_aligned_v6\exp5\mixed\train\sequences\exp5_mixed_train_037.csv,350,4,2,0,0
exp5_mixed_train_032,D:\keyan\ai_research_workflow_base\13_paper_aligned_repro\datasets\pr_rpad_paper_aligned_v6\exp5\mixed\train\sequences\exp5_mixed_train_032.csv,352,1,1,0,0
exp5_mixed_train_126,D:\keyan\ai_research_workflow_base\13_paper_aligned_repro\datasets\pr_rpad_paper_aligned_v6\exp5\mixed\train\sequences\exp5_mixed_train_126.csv,81,1,1,0,0
exp5_mixed_train_068,D:\keyan\ai_research_workflow_base\13_paper_aligned_repro\datasets\pr_rpad_paper_aligned_v6\exp5\mixed\train\sequences\exp5_mixed_train_068.csv,66,5,3,0,0
exp5_mixed_train_077,D:\keyan\ai_research_workflow_base\13_paper_aligned_repro\datasets\pr_rpad_paper_aligned_v6\exp5\mixed\train\sequences\exp5_mixed_train_077.csv,238,5,3,0,0
exp5_mixed_train_087,D:\keyan\ai_research_workflow_base\13_paper_aligned_repro\datasets\pr_rpad_paper_aligned_v6\exp5\mixed\train\sequences\exp5_mixed_train_087.csv,57,1,1,0,0
exp5_mixed_train_057,D:\keyan\ai_research_workflow_base\13_paper_aligned_repro\datasets\pr_rpad_paper_aligned_v6\exp5\mixed\train\sequences\exp5_mixed_train_057.csv,196,4,2,0,0
exp5_mixed_train_066,D:\keyan\ai_research_workflow_base\13_paper_aligned_repro\datasets\pr_rpad_paper_aligned_v6\exp5\mixed\train\sequences\exp5_mixed_train_066.csv,366,4,2,0,0
exp5_mixed_train_096,D:\keyan\ai_research_workflow_base\13_paper_aligned_repro\datasets\pr_rpad_paper_aligned_v6\exp5\mixed\train\sequences\exp5_mixed_train_096.csv,269,4,2,0,0
exp5_mixed_train_087,D:\keyan\ai_research_workflow_base\13_paper_aligned_repro\datasets\pr_rpad_paper_aligned_v6\exp5\mixed\train\sequences\exp5_mixed_train_087.csv,126,4,2,0,0
exp5_mixed_train_064,D:\keyan\ai_research_workflow_base\13_paper_aligned_repro\datasets\pr_rpad_paper_aligned_v6\exp5\mixed\train\sequences\exp5_mixed_train_064.csv,100,5,3,0,0
exp5_mixed_train_123,D:\keyan\ai_research_workflow_base\13_paper_aligned_repro\datasets\pr_rpad_paper_aligned_v6\exp5\mixed\train\sequences\exp5_mixed_train_123.csv,260,0,0,0,1
exp5_mixed_train_130,D:\keyan\ai_research_workflow_base\13_paper_aligned_repro\datasets\pr_rpad_paper_aligned_v6\exp5\mixed\train\sequences\exp5_mixed_train_130.csv,326,4,2,0,0
exp5_mixed_train_093,D:\keyan\ai_research_workflow_base\13_paper_aligned_repro\datasets\pr_rpad_paper_aligned_v6\exp5\mixed\train\sequences\exp5_mixed_train_093.csv,219,5,3,0,0
exp5_mixed_train_112,D:\keyan\ai_research_workflow_base\13_paper_aligned_repro\datasets\pr_rpad_paper_aligned_v6\exp5\mixed\train\sequences\exp5_mixed_train_112.csv,323,4,2,0,0
exp5_mixed_train_149,D:\keyan\ai_research_workflow_base\13_paper_aligned_repro\datasets\pr_rpad_paper_aligned_v6\exp5\mixed\train\sequences\exp5_mixed_train_149.csv,306,0,0,0,1
exp5_mixed_train_078,D:\keyan\ai_research_workflow_base\13_paper_aligned_repro\datasets\pr_rpad_paper_aligned_v6\exp5\mixed\train\sequences\exp5_mixed_train_078.csv,44,5,3,0,0
exp5_mixed_train_132,D:\keyan\ai_research_workflow_base\13_paper_aligned_repro\datasets\pr_rpad_paper_aligned_v6\exp5\mixed\train\sequences\exp5_mixed_train_132.csv,353,0,0,0,1
exp5_mixed_train_146,D:\keyan\ai_research_workflow_base\13_paper_aligned_repro\datasets\pr_rpad_paper_aligned_v6\exp5\mixed\train\sequences\exp5_mixed_train_146.csv,391,0,0,0,1
exp5_mixed_train_093,D:\keyan\ai_research_workflow_base\13_paper_aligned_repro\datasets\pr_rpad_paper_aligned_v6\exp5\mixed\train\sequences\exp5_mixed_train_093.csv,96,4,2,0,0
exp5_mixed_train_133,D:\keyan\ai_research_workflow_base\13_paper_aligned_repro\datasets\pr_rpad_paper_aligned_v6\exp5\mixed\train\sequences\exp5_mixed_train_133.csv,313,1,1,0,0
exp5_mixed_train_157,D:\keyan\ai_research_workflow_base\13_paper_aligned_repro\datasets\pr_rpad_paper_aligned_v6\exp5\mixed\train\sequences\exp5_mixed_train_157.csv,267,4,2,0,0
exp5_mixed_train_078,D:\keyan\ai_research_workflow_base\13_paper_aligned_repro\datasets\pr_rpad_paper_aligned_v6\exp5\mixed\train\sequences\exp5_mixed_train_078.csv,76,5,3,0,0
exp5_mixed_train_113,D:\keyan\ai_research_workflow_base\13_paper_aligned_repro\datasets\pr_rpad_paper_aligned_v6\exp5\mixed\train\sequences\exp5_mixed_train_113.csv,395,1,1,0,0
exp5_mixed_train_069,D:\keyan\ai_research_workflow_base\13_paper_aligned_repro\datasets\pr_rpad_paper_aligned_v6\exp5\mixed\train\sequences\exp5_mixed_train_069.csv,32,5,3,0,0
exp5_mixed_train_075,D:\keyan\ai_research_workflow_base\13_paper_aligned_repro\datasets\pr_rpad_paper_aligned_v6\exp5\mixed\train\sequences\exp5_mixed_train_075.csv,102,4,2,0,0
exp5_mixed_train_130,D:\keyan\ai_research_workflow_base\13_paper_aligned_repro\datasets\pr_rpad_paper_aligned_v6\exp5\mixed\train\sequences\exp5_mixed_train_130.csv,196,0,0,0,1
exp5_mixed_train_089,D:\keyan\ai_research_workflow_base\13_paper_aligned_repro\datasets\pr_rpad_paper_aligned_v6\exp5\mixed\train\sequences\exp5_mixed_train_089.csv,353,4,2,0,0
exp5_mixed_train_124,D:\keyan\ai_research_workflow_base\13_paper_aligned_repro\datasets\pr_rpad_paper_aligned_v6\exp5\mixed\train\sequences\exp5_mixed_train_124.csv,33,4,2,0,0
exp5_mixed_train_026,D:\keyan\ai_research_workflow_base\13_paper_aligned_repro\datasets\pr_rpad_paper_aligned_v6\exp5\mixed\train\sequences\exp5_mixed_train_026.csv,264,5,3,0,0
exp5_mixed_train_031,D:\keyan\ai_research_workflow_base\13_paper_aligned_repro\datasets\pr_rpad_paper_aligned_v6\exp5\mixed\train\sequences\exp5_mixed_train_031.csv,150,5,3,0,0
exp5_mixed_train_006,D:\keyan\ai_research_workflow_base\13_paper_aligned_repro\datasets\pr_rpad_paper_aligned_v6\exp5\mixed\train\sequences\exp5_mixed_train_006.csv,49,4,2,0,0
exp5_mixed_train_147,D:\keyan\ai_research_workflow_base\13_paper_aligned_repro\datasets\pr_rpad_paper_aligned_v6\exp5\mixed\train\sequences\exp5_mixed_train_147.csv,172,4,2,0,0
exp5_mixed_train_152,D:\keyan\ai_research_workflow_base\13_paper_aligned_repro\datasets\pr_rpad_paper_aligned_v6\exp5\mixed\train\sequences\exp5_mixed_train_152.csv,397,1,1,0,0
exp5_mixed_train_049,D:\keyan\ai_research_workflow_base\13_paper_aligned_repro\datasets\pr_rpad_paper_aligned_v6\exp5\mixed\train\sequences\exp5_mixed_train_049.csv,33,5,3,0,0
exp5_mixed_train_032,D:\keyan\ai_research_workflow_base\13_paper_aligned_repro\datasets\pr_rpad_paper_aligned_v6\exp5\mixed\train\sequences\exp5_mixed_train_032.csv,74,1,1,0,0
exp5_mixed_train_124,D:\keyan\ai_research_workflow_base\13_paper_aligned_repro\datasets\pr_rpad_paper_aligned_v6\exp5\mixed\train\sequences\exp5_mixed_train_124.csv,51,1,1,0,0
exp5_mixed_train_136,D:\keyan\ai_research_workflow_base\13_paper_aligned_repro\datasets\pr_rpad_paper_aligned_v6\exp5\mixed\train\sequences\exp5_mixed_train_136.csv,20,0,0,0,1
exp5_mixed_train_143,D:\keyan\ai_research_workflow_base\13_paper_aligned_repro\datasets\pr_rpad_paper_aligned_v6\exp5\mixed\train\sequences\exp5_mixed_train_143.csv,118,1,1,0,0
exp5_mixed_train_098,D:\keyan\ai_research_workflow_base\13_paper_aligned_repro\datasets\pr_rpad_paper_aligned_v6\exp5\mixed\train\sequences\exp5_mixed_train_098.csv,163,5,3,0,0
exp5_mixed_train_128,D:\keyan\ai_research_workflow_base\13_paper_aligned_repro\datasets\pr_rpad_paper_aligned_v6\exp5\mixed\train\sequences\exp5_mixed_train_128.csv,19,5,3,0,0
exp5_mixed_train_121,D:\keyan\ai_research_workflow_base\13_paper_aligned_repro\datasets\pr_rpad_paper_aligned_v6\exp5\mixed\train\sequences\exp5_mixed_train_121.csv,272,1,1,0,0
exp5_mixed_train_150,D:\keyan\ai_research_workflow_base\13_paper_aligned_repro\datasets\pr_rpad_paper_aligned_v6\exp5\mixed\train\sequences\exp5_mixed_train_150.csv,78,1,1,0,0
exp5_mixed_train_055,D:\keyan\ai_research_workflow_base\13_paper_aligned_repro\datasets\pr_rpad_paper_aligned_v6\exp5\mixed\train\sequences\exp5_mixed_train_055.csv,364,1,1,0,0
exp5_mixed_train_062,D:\keyan\ai_research_workflow_base\13_paper_aligned_repro\datasets\pr_rpad_paper_aligned_v6\exp5\mixed\train\sequences\exp5_mixed_train_062.csv,3,4,2,0,0
exp5_mixed_train_045,D:\keyan\ai_research_workflow_base\13_paper_aligned_repro\datasets\pr_rpad_paper_aligned_v6\exp5\mixed\train\sequences\exp5_mixed_train_045.csv,243,1,1,0,0
exp5_mixed_train_142,D:\keyan\ai_research_workflow_base\13_paper_aligned_repro\datasets\pr_rpad_paper_aligned_v6\exp5\mixed\train\sequences\exp5_mixed_train_142.csv,111,5,3,0,0
exp5_mixed_train_067,D:\keyan\ai_research_workflow_base\13_paper_aligned_repro\datasets\pr_rpad_paper_aligned_v6\exp5\mixed\train\sequences\exp5_mixed_train_067.csv,187,4,2,0,0
exp5_mixed_train_130,D:\keyan\ai_research_workflow_base\13_paper_aligned_repro\datasets\pr_rpad_paper_aligned_v6\exp5\mixed\train\sequences\exp5_mixed_train_130.csv,207,4,2,0,0
exp5_mixed_train_104,D:\keyan\ai_research_workflow_base\13_paper_aligned_repro\datasets\pr_rpad_paper_aligned_v6\exp5\mixed\train\sequences\exp5_mixed_train_104.csv,121,5,3,0,0
exp5_mixed_train_148,D:\keyan\ai_research_workflow_base\13_paper_aligned_repro\datasets\pr_rpad_paper_aligned_v6\exp5\mixed\train\sequences\exp5_mixed_train_148.csv,268,0,0,0,1
exp5_mixed_train_158,D:\keyan\ai_research_workflow_base\13_paper_aligned_repro\datasets\pr_rpad_paper_aligned_v6\exp5\mixed\train\sequences\exp5_mixed_train_158.csv,98,5,3,0,0
exp5_mixed_train_111,D:\keyan\ai_research_workflow_base\13_paper_aligned_repro\datasets\pr_rpad_paper_aligned_v6\exp5\mixed\train\sequences\exp5_mixed_train_111.csv,315,4,2,0,0
exp5_mixed_train_146,D:\keyan\ai_research_workflow_base\13_paper_aligned_repro\datasets\pr_rpad_paper_aligned_v6\exp5\mixed\train\sequences\exp5_mixed_train_146.csv,273,4,2,0,0
exp5_mixed_train_050,D:\keyan\ai_research_workflow_base\13_paper_aligned_repro\datasets\pr_rpad_paper_aligned_v6\exp5\mixed\train\sequences\exp5_mixed_train_050.csv,62,5,3,0,0
exp5_mixed_train_005,D:\keyan\ai_research_workflow_base\13_paper_aligned_repro\datasets\pr_rpad_paper_aligned_v6\exp5\mixed\train\sequences\exp5_mixed_train_005.csv,351,4,2,0,0
exp5_mixed_train_115,D:\keyan\ai_research_workflow_base\13_paper_aligned_repro\datasets\pr_rpad_paper_aligned_v6\exp5\mixed\train\sequences\exp5_mixed_train_115.csv,72,4,2,0,0
exp5_mixed_train_066,D:\keyan\ai_research_workflow_base\13_paper_aligned_repro\datasets\pr_rpad_paper_aligned_v6\exp5\mixed\train\sequences\exp5_mixed_train_066.csv,179,5,3,0,0
exp5_mixed_train_130,D:\keyan\ai_research_workflow_base\13_paper_aligned_repro\datasets\pr_rpad_paper_aligned_v6\exp5\mixed\train\sequences\exp5_mixed_train_130.csv,398,0,0,0,1
exp5_mixed_train_075,D:\keyan\ai_research_workflow_base\13_paper_aligned_repro\datasets\pr_rpad_paper_aligned_v6\exp5\mixed\train\sequences\exp5_mixed_train_075.csv,325,0,0,0,1
exp5_mixed_train_144,D:\keyan\ai_research_workflow_base\13_paper_aligned_repro\datasets\pr_rpad_paper_aligned_v6\exp5\mixed\train\sequences\exp5_mixed_train_144.csv,58,5,3,0,0
exp5_mixed_train_002,D:\keyan\ai_research_workflow_base\13_paper_aligned_repro\datasets\pr_rpad_paper_aligned_v6\exp5\mixed\train\sequences\exp5_mixed_train_002.csv,137,5,3,0,0
exp5_mixed_train_076,D:\keyan\ai_research_workflow_base\13_paper_aligned_repro\datasets\pr_rpad_paper_aligned_v6\exp5\mixed\train\sequences\exp5_mixed_train_076.csv,123,4,2,0,0
exp5_mixed_train_100,D:\keyan\ai_research_workflow_base\13_paper_aligned_repro\datasets\pr_rpad_paper_aligned_v6\exp5\mixed\train\sequences\exp5_mixed_train_100.csv,53,1,1,0,0
exp5_mixed_train_085,D:\keyan\ai_research_workflow_base\13_paper_aligned_repro\datasets\pr_rpad_paper_aligned_v6\exp5\mixed\train\sequences\exp5_mixed_train_085.csv,318,4,2,0,0
exp5_mixed_train_135,D:\keyan\ai_research_workflow_base\13_paper_aligned_repro\datasets\pr_rpad_paper_aligned_v6\exp5\mixed\train\sequences\exp5_mixed_train_135.csv,315,4,2,0,0
exp5_mixed_train_130,D:\keyan\ai_research_workflow_base\13_paper_aligned_repro\datasets\pr_rpad_paper_aligned_v6\exp5\mixed\train\sequences\exp5_mixed_train_130.csv,5,1,1,0,0
exp5_mixed_train_051,D:\keyan\ai_research_workflow_base\13_paper_aligned_repro\datasets\pr_rpad_paper_aligned_v6\exp5\mixed\train\sequences\exp5_mixed_train_051.csv,364,1,1,0,0
exp5_mixed_train_096,D:\keyan\ai_research_workflow_base\13_paper_aligned_repro\datasets\pr_rpad_paper_aligned_v6\exp5\mixed\train\sequences\exp5_mixed_train_096.csv,356,4,2,0,0
exp5_mixed_train_086,D:\keyan\ai_research_workflow_base\13_paper_aligned_repro\datasets\pr_rpad_paper_aligned_v6\exp5\mixed\train\sequences\exp5_mixed_train_086.csv,268,0,0,0,1
exp5_mixed_train_016,D:\keyan\ai_research_workflow_base\13_paper_aligned_repro\datasets\pr_rpad_paper_aligned_v6\exp5\mixed\train\sequences\exp5_mixed_train_016.csv,275,4,2,0,0
exp5_mixed_train_095,D:\keyan\ai_research_workflow_base\13_paper_aligned_repro\datasets\pr_rpad_paper_aligned_v6\exp5\mixed\train\sequences\exp5_mixed_train_095.csv,144,5,3,0,0
exp5_mixed_train_124,D:\keyan\ai_research_workflow_base\13_paper_aligned_repro\datasets\pr_rpad_paper_aligned_v6\exp5\mixed\train\sequences\exp5_mixed_train_124.csv,375,1,1,0,0
exp5_mixed_train_107,D:\keyan\ai_research_workflow_base\13_paper_aligned_repro\datasets\pr_rpad_paper_aligned_v6\exp5\mixed\train\sequences\exp5_mixed_train_107.csv,316,4,2,0,0
exp5_mixed_train_104,D:\keyan\ai_research_workflow_base\13_paper_aligned_repro\datasets\pr_rpad_paper_aligned_v6\exp5\mixed\train\sequences\exp5_mixed_train_104.csv,90,5,3,0,0
exp5_mixed_train_043,D:\keyan\ai_research_workflow_base\13_paper_aligned_repro\datasets\pr_rpad_paper_aligned_v6\exp5\mixed\train\sequences\exp5_mixed_train_043.csv,349,1,1,0,0
exp5_mixed_train_112,D:\keyan\ai_research_workflow_base\13_paper_aligned_repro\datasets\pr_rpad_paper_aligned_v6\exp5\mixed\train\sequences\exp5_mixed_train_112.csv,254,0,0,0,1
exp5_mixed_train_026,D:\keyan\ai_research_workflow_base\13_paper_aligned_repro\datasets\pr_rpad_paper_aligned_v6\exp5\mixed\train\sequences\exp5_mixed_train_026.csv,293,1,1,0,0
exp5_mixed_train_035,D:\keyan\ai_research_workflow_base\13_paper_aligned_repro\datasets\pr_rpad_paper_aligned_v6\exp5\mixed\train\sequences\exp5_mixed_train_035.csv,54,1,1,0,0
exp5_mixed_train_109,D:\keyan\ai_research_workflow_base\13_paper_aligned_repro\datasets\pr_rpad_paper_aligned_v6\exp5\mixed\train\sequences\exp5_mixed_train_109.csv,146,0,0,0,1
exp5_mixed_train_150,D:\keyan\ai_research_workflow_base\13_paper_aligned_repro\datasets\pr_rpad_paper_aligned_v6\exp5\mixed\train\sequences\exp5_mixed_train_150.csv,318,1,1,0,0
exp5_mixed_train_079,D:\keyan\ai_research_workflow_base\13_paper_aligned_repro\datasets\pr_rpad_paper_aligned_v6\exp5\mixed\train\sequences\exp5_mixed_train_079.csv,62,0,0,0,1
exp5_mixed_train_146,D:\keyan\ai_research_workflow_base\13_paper_aligned_repro\datasets\pr_rpad_paper_aligned_v6\exp5\mixed\train\sequences\exp5_mixed_train_146.csv,89,5,3,0,0
exp5_mixed_train_059,D:\keyan\ai_research_workflow_base\13_paper_aligned_repro\datasets\pr_rpad_paper_aligned_v6\exp5\mixed\train\sequences\exp5_mixed_train_059.csv,164,0,0,0,1
exp5_mixed_train_119,D:\keyan\ai_research_workflow_base\13_paper_aligned_repro\datasets\pr_rpad_paper_aligned_v6\exp5\mixed\train\sequences\exp5_mixed_train_119.csv,354,1,1,0,0
exp5_mixed_train_035,D:\keyan\ai_research_workflow_base\13_paper_aligned_repro\datasets\pr_rpad_paper_aligned_v6\exp5\mixed\train\sequences\exp5_mixed_train_035.csv,263,4,2,0,0
exp5_mixed_train_157,D:\keyan\ai_research_workflow_base\13_paper_aligned_repro\datasets\pr_rpad_paper_aligned_v6\exp5\mixed\train\sequences\exp5_mixed_train_157.csv,139,5,3,0,0
